0.000426,0,1,332,545,322,322,33.2,0,0,10,0
0.000393,0,1,325,534,315,315,32.5,0,5,10,0
0.000285,0,1,275,453,265,265,27.5,0,10,10,0
0.000431,1,2,409,670,385,384,39.5,1,15,10,0
0.000311,0,1,366,602,356,356,36.6,0,20,10,0
0.000299,0,1,328,541,318,318,32.8,0,25,10,0
0.000273,0,1,289,475,279,279,28.9,0,30,10,0
0.000283,0,1,308,505,298,298,30.8,0,35,10,0
0.000289,0,1,318,521,308,308,31.8,0,40,10,0
0.000322,0,1,377,619,367,367,37.7,0,45,10,0
0.000354,0,1,334,548,324,324,33.4,0,50,10,0
0.000454,0,1,360,590,350,350,36,0,55,10,0
0.000422,0,1,324,533,314,314,32.4,0,60,10,0
0.000419,0,1,274,450,264,264,27.4,0,65,10,0
0.000393,0,1,257,420,247,247,25.7,0,70,10,0
0.000336,0,1,207,337,197,197,20.7,0,75,10,0
0.00039,0,1,222,360,212,212,22.2,0,80,10,0
0.000366,0,1,218,354,208,208,21.8,0,85,10,0
0.000363,0,1,269,438,259,259,26.9,0,90,10,0
0.000332,0,1,291,473,281,281,29.1,0,95,10,0
0.000294,0,1,284,461,274,274,28.4,0,100,10,0
0.00041,0,1,360,589,350,350,36,0,105,10,0
0.000487,0,1,467,769,457,457,46.7,0,110,10,0
0.000389,0,1,417,688,407,407,41.7,0,115,10,0
0.000509,0,1,376,620,366,366,37.6,0,120,10,0
0.00054,0,1,388,640,378,378,38.8,0,125,10,0
0.000406,0,1,395,647,385,385,39.5,0,130,10,0
0.000337,0,1,345,566,335,335,34.5,0,135,10,0
0.000306,0,1,295,485,285,285,29.5,0,140,10,0
0.0003,0,1,315,514,305,305,31.5,0,145,10,0
0.000312,0,1,334,547,324,324,33.4,0,150,10,0
0.000264,0,1,297,488,287,287,29.7,0,155,10,0
0.000246,0,1,269,439,259,259,26.9,0,160,10,0
0.000259,0,1,297,485,287,287,29.7,0,165,10,0
0.000268,0,1,302,495,292,292,30.2,0,170,10,0
0.00032,0,1,278,453,268,268,27.8,0,175,10,0
0.000267,0,1,228,372,218,218,22.8,0,180,10,0
0.000408,1,2,409,670,360,359,37,1,185,10,0
0.00034,0,1,338,555,328,328,33.8,0,190,10,0
0.00032,0,1,321,525,311,311,32.1,0,195,10,0
0.000341,0,1,321,524,311,311,32.1,0,200,10,0
0.000289,0,1,271,444,261,261,27.1,0,205,10,0
0.000335,0,1,371,609,361,361,37.1,0,210,10,0
0.000364,0,1,372,611,362,362,37.2,0,215,10,0
0.000316,0,1,345,567,335,335,34.5,0,220,10,0
0.000303,0,1,295,485,285,285,29.5,0,225,10,0
0.000269,0,1,253,413,243,243,25.3,0,230,10,0
0.0003,0,1,289,472,279,279,28.9,0,235,10,0
0.000298,0,1,271,444,261,261,27.1,0,240,10,0
0.000341,0,1,306,502,296,296,30.6,0,245,10,0
0.000275,0,1,289,472,279,279,28.9,0,250,10,0
0.000444,1,2,369,604,297,297,30.7,1,255,10,0
0.000386,1,2,336,550,269,269,27.9,1,260,10,0
0.000278,0,1,305,499,295,295,30.5,0,265,10,0
0.000475,1,2,394,644,341,341,35.1,1,270,10,0
0.000379,1,2,339,557,291,291,30.1,1,275,10,0
0.000454,1,2,304,499,261,261,27.1,1,280,10,0
0.000384,1,2,318,520,280,280,29,1,285,10,0
0.000319,1,2,291,476,258,258,26.8,1,290,10,0
0.000348,1,2,290,475,262,262,27.2,1,295,10,0
0.000252,0,1,257,420,247,247,25.7,0,300,10,0
0.000255,0,1,263,428,253,253,26.3,0,305,10,0
0.000259,0,1,239,389,229,229,23.9,0,310,10,0
0.000222,0,1,189,307,179,179,18.9,0,315,10,0
0.000245,0,1,218,354,208,208,21.8,0,320,10,0
0.000365,0,1,333,542,323,323,33.3,0,325,10,0
0.000274,0,1,290,474,280,280,29,0,330,10,0
0.000314,0,1,348,570,338,338,34.8,0,335,10,0
0.000457,0,1,390,638,380,380,39,0,340,10,0
0.000343,0,1,385,632,375,375,38.5,0,345,10,0
0.000303,0,1,360,589,350,350,36,0,350,10,0
0.000309,0,1,310,509,300,300,31,0,355,10,0
0.000301,0,1,306,501,296,296,30.6,0,360,10,0
0.000293,0,1,291,475,281,281,29.1,0,365,10,0
0.000271,0,1,289,469,279,279,28.9,0,370,10,0
0.000271,0,1,239,389,229,229,23.9,0,375,10,0
0.000314,0,1,263,429,253,253,26.3,0,380,10,0
0.000311,0,1,271,440,261,261,27.1,0,385,10,0
0.00028,0,1,313,512,303,303,31.3,0,390,10,0
0.000387,0,1,277,452,267,267,27.7,0,395,10,0
0.000319,0,1,318,517,308,308,31.8,0,400,10,0
0.00032,0,1,353,577,343,343,35.3,0,405,10,0
0.000287,0,1,319,521,309,309,31.9,0,410,10,0
0.000387,1,2,400,655,380,379,39,1,415,10,0
0.000484,1,2,527,866,421,420,43.1,1,420,10,0
0.000438,0,1,484,794,474,474,48.4,0,425,10,0
0.000409,0,1,506,832,496,496,50.6,0,430,10,0
0.000439,0,1,478,788,468,468,47.8,0,435,10,0
0.000379,0,1,438,719,428,428,43.8,0,440,10,0
0.000567,0,1,480,789,470,470,48,0,445,10,0
0.000472,0,1,510,839,500,500,51,0,450,10,0
0.000405,0,1,531,875,521,521,53.1,0,455,10,0
0.000381,0,1,508,837,498,498,50.8,0,460,10,0
0.000335,0,1,458,753,448,448,45.8,0,465,10,0
0.000372,0,1,450,741,440,440,45,0,470,10,0
0.000322,0,1,400,659,390,390,40,0,475,10,0
0.000332,0,1,417,685,407,407,41.7,0,480,10,0
0.000299,0,1,376,620,366,366,37.6,0,485,10,0
0.000272,0,1,326,537,316,316,32.6,0,490,10,0
0.000351,0,1,276,453,266,266,27.6,0,495,10,0
0.000437,0,1,324,531,314,314,32.4,0,500,10,0
0.000385,0,1,274,450,264,264,27.4,0,505,10,0
0.000393,0,1,224,368,214,214,22.4,0,510,10,0
0.000268,0,1,205,335,195,195,20.5,0,515,10,0
0.000252,0,1,234,380,224,224,23.4,0,520,10,0
0.000312,0,1,325,530,315,315,32.5,0,525,10,0
0.000312,0,1,345,564,335,335,34.5,0,530,10,0
0.000316,0,1,367,600,357,357,36.7,0,535,10,0
0.000288,0,1,358,585,348,348,35.8,0,540,10,0
0.000274,0,1,328,539,318,318,32.8,0,545,10,0
0.000423,0,1,522,860,512,512,52.2,0,550,10,0
0.000408,0,1,472,780,462,462,47.2,0,555,10,0
0.000341,0,1,442,730,432,432,44.2,0,560,10,0
0.000293,0,1,392,645,382,382,39.2,0,565,10,0
0.000339,0,1,425,701,415,415,42.5,0,570,10,0
0.000324,0,1,430,708,420,420,43,0,575,10,0
0.000316,0,1,421,690,411,411,42.1,0,580,10,0
0.000295,0,1,371,608,361,361,37.1,0,585,10,0
0.000266,0,1,321,528,311,311,32.1,0,590,10,0
0.000245,0,1,271,445,261,261,27.1,0,595,10,0
0.000268,0,1,296,484,286,286,29.6,0,600,10,0
0.000258,0,1,283,463,273,273,28.3,0,605,10,0
0.000268,0,1,298,488,288,288,29.8,0,610,10,0
0.000323,0,1,256,418,246,246,25.6,0,615,10,0
0.000276,0,1,266,432,256,256,26.6,0,620,10,0
0.000428,0,1,397,652,387,387,39.7,0,625,10,0
0.000346,0,1,347,569,337,337,34.7,0,630,10,0
0.000358,0,1,297,489,287,287,29.7,0,635,10,0
0.000293,0,1,303,498,293,293,30.3,0,640,10,0
0.000312,0,1,292,477,282,282,29.2,0,645,10,0
0.000276,0,1,259,424,249,249,25.9,0,650,10,0
0.000415,0,1,344,562,334,334,34.4,0,655,10,0
0.000375,0,1,307,502,297,297,30.7,0,660,10,0
0.000293,0,1,286,469,276,276,28.6,0,665,10,0
0.000331,0,1,333,547,323,323,33.3,0,670,10,0
0.000391,0,1,299,492,289,289,29.9,0,675,10,0
0.000279,0,1,273,449,263,263,27.3,0,680,10,0
0.000252,0,1,237,388,227,227,23.7,0,685,10,0
0.000324,0,1,309,505,299,299,30.9,0,690,10,0
0.000286,0,1,298,487,288,288,29.8,0,695,10,0
0.000278,0,1,296,484,286,286,29.6,0,700,10,0
0.000266,0,1,262,430,252,252,26.2,0,705,10,0
0.000303,0,1,303,493,293,293,30.3,0,710,10,0
0.00039,0,1,401,656,391,391,40.1,0,715,10,0
0.000429,0,1,410,677,400,400,41,0,720,10,0
0.000351,0,1,360,593,350,350,36,0,725,10,0
0.000456,0,1,398,657,388,388,39.8,0,730,10,0
0.000354,0,1,348,577,338,338,34.8,0,735,10,0
0.000284,0,1,314,518,304,304,31.4,0,740,10,0
0.000286,0,1,327,536,317,317,32.7,0,745,10,0
0.000275,0,1,289,474,279,279,28.9,0,750,10,0
0.000308,0,1,343,560,333,333,34.3,0,755,10,0
0.000299,0,1,293,479,283,283,29.3,0,760,10,0
0.000306,0,1,326,533,316,316,32.6,0,765,10,0
0.000332,0,1,339,555,329,329,33.9,0,770,10,0
0.000382,0,1,289,472,279,279,28.9,0,775,10,0
0.000304,0,1,261,426,251,251,26.1,0,780,10,0
0.000342,0,1,241,393,231,231,24.1,0,785,10,0
0.00025,0,1,253,410,243,243,25.3,0,790,10,0
0.000287,0,1,265,431,255,255,26.5,0,795,10,0
0.000246,0,1,235,381,225,225,23.5,0,800,10,0
0.000363,0,1,320,520,310,310,32,0,805,10,0
0.000307,0,1,315,514,305,305,31.5,0,810,10,0
0.000304,0,1,304,496,294,294,30.4,0,815,10,0
0.000304,0,1,284,463,274,274,28.4,0,820,10,0
0.000287,0,1,280,456,270,270,28,0,825,10,0
0.000256,0,1,230,373,220,220,23,0,830,10,0
0.000372,0,1,331,542,321,321,33.1,0,835,10,0
0.000439,0,1,360,592,350,350,36,0,840,10,0
0.0004,0,1,310,508,300,300,31,0,845,10,0
0.000294,0,1,300,491,290,290,30,0,850,10,0
0.000358,0,1,302,494,292,292,30.2,0,855,10,0
0.000296,0,1,317,518,307,307,31.7,0,860,10,0
0.000325,0,1,380,624,370,370,38,0,865,10,0
0.000507,2,4,576,943,415,415,42.5,2,870,10,0
0.000438,2,4,503,828,365,365,37.5,2,875,10,0
0.00033,0,1,325,535,315,315,32.5,0,880,10,0
0.000266,0,1,275,451,265,265,27.5,0,885,10,0
0.000289,0,1,333,545,323,323,33.3,0,890,10,0
0.000291,0,1,339,556,329,329,33.9,0,895,10,0
0.000302,0,1,338,552,328,328,33.8,0,900,10,0
0.000357,0,1,386,632,376,376,38.6,0,905,10,0
0.000297,0,1,336,551,326,326,33.6,0,910,10,0
0.000275,0,1,286,468,276,276,28.6,0,915,10,0
0.000289,0,1,303,496,293,293,30.3,0,920,10,0
0.000321,0,1,352,579,342,342,35.2,0,925,10,0
0.000352,0,1,413,678,403,403,41.3,0,930,10,0
0.000312,0,1,363,596,353,353,36.3,0,935,10,0
0.000344,0,1,371,611,361,361,37.1,0,940,10,0
0.000315,0,1,369,606,359,359,36.9,0,945,10,0
0.000287,0,1,319,523,309,309,31.9,0,950,10,0
0.000278,0,1,289,473,279,279,28.9,0,955,10,0
0.000264,0,1,280,457,270,270,28,0,960,10,0
0.00022,0,1,230,375,220,220,23,0,965,10,0
0.000269,1,2,250,408,233,232,24.3,1,970,10,0
0.000336,1,2,344,563,319,318,32.9,1,975,10,0
0.000263,0,1,279,459,269,269,27.9,0,980,10,0
0.000265,0,1,269,440,259,259,26.9,0,985,10,0
0.000411,0,1,305,500,295,295,30.5,0,990,10,0
0.000447,0,1,295,482,285,285,29.5,0,995,10,0
0.000472,0,1,296,484,286,286,29.6,0,1000,10,0
0.000379,0,1,246,401,236,236,24.6,0,1005,10,0
0.000404,0,1,259,422,249,249,25.9,0,1010,10,0
0.000549,0,1,344,563,334,334,34.4,0,1015,10,0
0.000578,0,1,441,727,431,431,44.1,0,1020,10,0
0.00053,0,1,391,645,381,381,39.1,0,1025,10,0
0.000504,0,1,365,604,355,355,36.5,0,1030,10,0
0.000447,0,1,315,519,305,305,31.5,0,1035,10,0
0.000425,0,1,294,482,284,284,29.4,0,1040,10,0
0.000391,0,1,260,427,250,250,26,0,1045,10,0
0.000364,0,1,231,380,221,221,23.1,0,1050,10,0
0.000238,0,1,219,357,209,209,21.9,0,1055,10,0
0.000251,0,1,228,373,218,218,22.8,0,1060,10,0
0.000207,0,1,178,292,168,168,17.8,0,1065,10,0
0.000232,0,1,242,393,232,232,24.2,0,1070,10,0
0.000255,0,1,276,447,266,266,27.6,0,1075,10,0
0.000224,0,1,226,369,216,216,22.6,0,1080,10,0
0.000257,0,1,298,488,288,288,29.8,0,1085,10,0
0.000315,1,2,315,518,276,275,28.6,1,1090,10,0
0.000299,1,2,316,518,282,281,29.2,1,1095,10,0
0.000222,0,1,242,398,232,232,24.2,0,1100,10,0
0.000266,0,1,303,497,293,293,30.3,0,1105,10,0
0.000242,0,1,253,415,243,243,25.3,0,1110,10,0
0.000243,0,1,271,442,261,261,27.1,0,1115,10,0
0.000242,0,1,249,404,239,239,24.9,0,1120,10,0
0.00022,0,1,199,323,189,189,19.9,0,1125,10,0
0.000203,0,1,182,294,172,172,18.2,0,1130,10,0
0.000299,0,1,322,523,312,312,32.2,0,1135,10,0
0.000357,0,1,321,527,311,311,32.1,0,1140,10,0
0.000267,0,1,280,460,270,270,28,0,1145,10,0
0.000231,0,1,235,386,225,225,23.5,0,1150,10,0
0.000292,0,1,328,541,318,318,32.8,0,1155,10,0
0.000301,0,1,347,567,337,337,34.7,0,1160,10,0
0.00029,0,1,348,569,338,338,34.8,0,1165,10,0
0.00027,0,1,314,514,304,304,31.4,0,1170,10,0
0.000287,0,1,318,523,308,308,31.8,0,1175,10,0
0.000249,0,1,268,439,258,258,26.8,0,1180,10,0
0.000287,0,1,328,535,318,318,32.8,0,1185,10,0
0.000312,0,1,375,615,365,365,37.5,0,1190,10,0
0.000287,0,1,348,572,338,338,34.8,0,1195,10,0
0.000267,0,1,298,489,288,288,29.8,0,1200,10,0
0.000234,0,1,248,407,238,238,24.8,0,1205,10,0
0.000247,0,1,270,440,260,260,27,0,1210,10,0
0.000279,0,1,261,426,251,251,26.1,0,1215,10,0
0.000245,0,1,211,345,201,201,21.1,0,1220,10,0
0.000257,0,1,234,381,224,224,23.4,0,1225,10,0
0.000284,0,1,273,440,263,263,27.3,0,1230,10,0
0.000271,0,1,239,388,229,229,23.9,0,1235,10,0
0.000409,0,1,437,715,427,427,43.7,0,1240,10,0
0.00038,0,1,400,656,390,390,40,0,1245,10,0
0.000349,0,1,354,582,344,344,35.4,0,1250,10,0
0.000401,0,1,446,730,436,436,44.6,0,1255,10,0
0.000373,0,1,410,671,400,400,41,0,1260,10,0
0.000348,0,1,379,622,369,369,37.9,0,1265,10,0
0.000339,0,1,373,613,363,363,37.3,0,1270,10,0
0.000316,0,1,359,587,349,349,35.9,0,1275,10,0
0.000307,0,1,340,560,330,330,34,0,1280,10,0
0.000291,0,1,303,497,293,293,30.3,0,1285,10,0
0.000266,0,1,264,430,254,254,26.4,0,1290,10,0
0.000289,0,1,274,447,264,264,27.4,0,1295,10,0
0.000267,0,1,270,440,260,260,27,0,1300,10,0
0.000231,0,1,220,357,210,210,22,0,1305,10,0
0.00026,1,2,226,367,185,184,19.5,1,1310,10,0
0.000322,1,2,254,412,218,217,22.8,1,1315,10,0
0.000349,0,1,387,630,377,377,38.7,0,1320,10,0
0.000377,0,1,439,716,429,429,43.9,0,1325,10,0
0.000383,0,1,398,651,388,388,39.8,0,1330,10,0
0.00034,0,1,383,626,373,373,38.3,0,1335,10,0
0.000364,1,2,408,668,389,388,39.9,1,1340,10,0
0.000404,1,2,477,781,401,400,41.1,1,1345,10,0
0.00035,0,1,437,718,427,427,43.7,0,1350,10,0
0.000332,0,1,403,665,393,393,40.3,0,1355,10,0
0.000335,1,2,367,601,344,343,35.4,1,1360,10,0
0.000309,1,2,312,510,294,293,30.4,1,1365,10,0
0.000268,0,1,270,443,260,260,27,0,1370,10,0
0.000284,0,1,315,513,305,305,31.5,0,1375,10,0
0.000259,0,1,265,432,255,255,26.5,0,1380,10,0
0.000293,0,1,293,480,283,283,29.3,0,1385,10,0
0.000341,0,1,396,646,386,386,39.6,0,1390,10,0
0.000341,0,1,382,628,372,372,38.2,0,1395,10,0
0.000294,0,1,346,571,336,336,34.6,0,1400,10,0
0.000275,0,1,310,506,300,300,31,0,1405,10,0
0.00025,0,1,260,425,250,250,26,0,1410,10,0
0.000298,0,1,345,565,335,335,34.5,0,1415,10,0
0.000274,0,1,295,484,285,285,29.5,0,1420,10,0
0.000297,0,1,307,501,297,297,30.7,0,1425,10,0
0.000289,0,1,302,495,292,292,30.2,0,1430,10,0
0.000283,0,1,277,450,267,267,27.7,0,1435,10,0
0.000255,0,1,227,370,217,217,22.7,0,1440,10,0
0.000258,0,1,237,385,227,227,23.7,0,1445,10,0
0.000286,0,1,289,469,279,279,28.9,0,1450,10,0
0.000306,0,1,322,526,312,312,32.2,0,1455,10,0
0.000317,0,1,339,555,329,329,33.9,0,1460,10,0
0.000306,0,1,289,473,279,279,28.9,0,1465,10,0
0.00028,0,1,243,397,233,233,24.3,0,1470,10,0
0.000296,0,1,319,521,309,309,31.9,0,1475,10,0
0.00027,0,1,269,440,259,259,26.9,0,1480,10,0
0.00028,0,1,252,408,242,242,25.2,0,1485,10,0
0.000255,0,1,248,403,238,238,24.8,0,1490,10,0
0.00029,0,1,302,492,292,292,30.2,0,1495,10,0
0.000398,0,1,292,477,282,282,29.2,0,1500,10,0
0.000266,0,1,282,460,272,272,28.2,0,1505,10,0
0.000265,0,1,259,421,249,249,25.9,0,1510,10,0
0.000251,0,1,214,349,204,204,21.4,0,1515,10,0
0.000394,0,1,363,593,353,353,36.3,0,1520,10,0
0.000348,0,1,356,586,346,346,35.6,0,1525,10,0
0.000327,0,1,365,599,355,355,36.5,0,1530,10,0
0.000316,0,1,369,607,359,359,36.9,0,1535,10,0
0.000315,0,1,388,638,378,378,38.8,0,1540,10,0
0.000336,0,1,338,558,328,328,33.8,0,1545,10,0
0.000269,0,1,288,474,278,278,28.8,0,1550,10,0
0.000308,0,1,335,549,325,325,33.5,0,1555,10,0
0.00039,0,1,289,474,279,279,28.9,0,1560,10,0
0.000281,0,1,256,419,246,246,25.6,0,1565,10,0
0.000251,0,1,258,420,248,248,25.8,0,1570,10,0
0.000225,0,1,208,337,198,198,20.8,0,1575,10,0
0.00021,0,1,183,296,173,173,18.3,0,1580,10,0
0.000252,0,1,231,373,221,221,23.1,0,1585,10,0
0.000306,0,1,282,459,272,272,28.2,0,1590,10,0
0.000297,0,1,299,487,289,289,29.9,0,1595,10,0
0.000262,0,1,266,435,256,256,26.6,0,1600,10,0
0.000271,0,1,220,359,210,210,22,0,1605,10,0
0.000247,0,1,239,387,229,229,23.9,0,1610,10,0
0.000305,0,1,277,453,267,267,27.7,0,1615,10,0
0.000361,0,1,247,403,237,237,24.7,0,1620,10,0
0.000292,0,1,226,367,216,216,22.6,0,1625,10,0
0.000298,0,1,286,465,276,276,28.6,0,1630,10,0
0.000347,0,1,369,604,359,359,36.9,0,1635,10,0
0.000312,0,1,340,560,330,330,34,0,1640,10,0
0.000294,0,1,290,478,280,280,29,0,1645,10,0
0.000258,0,1,240,393,230,230,24,0,1650,10,0
0.000284,0,1,269,439,259,259,26.9,0,1655,10,0
0.000332,0,1,287,469,277,277,28.7,0,1660,10,0
0.000336,0,1,301,493,291,291,30.1,0,1665,10,0
0.000309,0,1,283,462,273,273,28.3,0,1670,10,0
0.000406,1,2,257,420,235,234,24.5,1,1675,10,0
0.000276,1,2,231,373,214,213,22.4,1,1680,10,0
0.000286,0,1,299,488,289,289,29.9,0,1685,10,0
0.000293,0,1,324,525,314,314,32.4,0,1690,10,0
0.000355,0,1,365,595,355,355,36.5,0,1695,10,0
0.000294,0,1,319,519,309,309,31.9,0,1700,10,0
0.00028,0,1,283,458,273,273,28.3,0,1705,10,0
0.00031,0,1,316,515,306,306,31.6,0,1710,10,0
0.000294,0,1,314,513,304,304,31.4,0,1715,10,0
0.000545,0,1,363,591,353,353,36.3,0,1720,10,0
0.000375,0,1,357,583,347,347,35.7,0,1725,10,0
0.000454,0,1,400,653,390,390,40,0,1730,10,0
0.00039,0,1,406,665,396,396,40.6,0,1735,10,0
0.000365,0,1,356,584,346,346,35.6,0,1740,10,0
0.000318,0,1,325,533,315,315,32.5,0,1745,10,0
0.000284,0,1,322,527,312,312,32.2,0,1750,10,0
0.000257,0,1,272,447,262,262,27.2,0,1755,10,0
0.000274,0,1,289,470,279,279,28.9,0,1760,10,0
0.000301,0,1,318,517,308,308,31.8,0,1765,10,0
0.000321,0,1,347,566,337,337,34.7,0,1770,10,0
0.000343,0,1,311,509,301,301,31.1,0,1775,10,0
0.000347,0,1,368,600,358,358,36.8,0,1780,10,0
0.000379,0,1,318,520,308,308,31.8,0,1785,10,0
0.000356,0,1,350,574,340,340,35,0,1790,10,0
0.000324,0,1,373,612,363,363,37.3,0,1795,10,0
0.000402,1,2,414,680,327,327,33.7,1,1800,10,0
0.000358,1,2,389,633,307,307,31.7,1,1805,10,0
0.000383,1,2,381,621,304,304,31.4,1,1810,10,0
0.00039,1,2,406,662,334,334,34.4,1,1815,10,0
0.000333,0,1,371,604,361,361,37.1,0,1820,10,0
0.000358,0,1,361,592,351,351,36.1,0,1825,10,0
0.000283,0,1,311,514,301,301,31.1,0,1830,10,0
0.00035,0,1,276,453,266,266,27.6,0,1835,10,0
0.000241,0,1,226,369,216,216,22.6,0,1840,10,0
0.000309,0,1,290,475,280,280,29,0,1845,10,0
0.000312,0,1,310,505,300,300,31,0,1850,10,0
0.000287,0,1,260,425,250,250,26,0,1855,10,0
0.000267,0,1,242,393,232,232,24.2,0,1860,10,0
0.000266,0,1,212,343,202,202,21.2,0,1865,10,0
0.000274,0,1,236,381,226,226,23.6,0,1870,10,0
0.000316,0,1,348,565,338,338,34.8,0,1875,10,0
0.000276,0,1,298,486,288,288,29.8,0,1880,10,0
0.000339,0,1,329,538,319,319,32.9,0,1885,10,0
0.000316,0,1,359,587,349,349,35.9,0,1890,10,0
0.000324,0,1,392,639,382,382,39.2,0,1895,10,0
0.000412,0,1,412,676,402,402,41.2,0,1900,10,0
0.000311,0,1,372,609,362,362,37.2,0,1905,10,0
0.000311,0,1,388,636,378,378,38.8,0,1910,10,0
0.000311,0,1,338,554,328,328,33.8,0,1915,10,0
0.000263,0,1,288,473,278,278,28.8,0,1920,10,0
0.000277,0,1,317,519,307,307,31.7,0,1925,10,0
0.00028,0,1,292,477,282,282,29.2,0,1930,10,0
0.000242,0,1,242,394,232,232,24.2,0,1935,10,0
0.000268,0,1,287,468,277,277,28.7,0,1940,10,0
0.00039,1,2,388,633,322,321,33.2,1,1945,10,0
0.00027,0,1,303,492,293,293,30.3,0,1950,10,0
0.000384,0,1,342,557,332,332,34.2,0,1955,10,0
0.000288,0,1,324,529,314,314,32.4,0,1960,10,0
0.00029,0,1,317,517,307,307,31.7,0,1965,10,0
0.000264,0,1,287,468,277,277,28.7,0,1970,10,0
0.000244,0,1,251,409,241,241,25.1,0,1975,10,0
0.000214,0,1,211,344,201,201,21.1,0,1980,10,0
0.000213,0,1,210,340,200,200,21,0,1985,10,0
0.000242,0,1,260,423,250,250,26,0,1990,10,0
0.000225,0,1,236,382,226,226,23.6,0,1995,10,0
0.000209,0,1,210,343,200,200,21,0,2000,10,0
0.000257,0,1,295,480,285,285,29.5,0,2005,10,0
0.000254,0,1,280,457,270,270,28,0,2010,10,0
0.000219,0,1,247,402,237,237,24.7,0,2015,10,0
0.000203,0,1,197,321,187,187,19.7,0,2020,10,0
0.000238,0,1,232,377,222,222,23.2,0,2025,10,0
0.000289,0,1,341,558,331,331,34.1,0,2030,10,0
0.000256,0,1,306,502,296,296,30.6,0,2035,10,0
0.000268,0,1,327,536,317,317,32.7,0,2040,10,0
0.000249,0,1,277,453,267,267,27.7,0,2045,10,0
0.000226,0,1,227,372,217,217,22.7,0,2050,10,0
0.000235,0,1,260,425,250,250,26,0,2055,10,0
0.00028,0,1,254,416,244,244,25.4,0,2060,10,0
0.000252,0,1,204,335,194,194,20.4,0,2065,10,0
0.000294,0,1,251,410,241,241,25.1,0,2070,10,0
0.000259,0,1,233,379,223,223,23.3,0,2075,10,0
0.000263,0,1,231,375,221,221,23.1,0,2080,10,0
0.00026,0,1,200,323,190,190,20,0,2085,10,0
0.000319,0,1,289,468,279,279,28.9,0,2090,10,0
0.000412,0,1,456,747,446,446,45.6,0,2095,10,0
0.000411,0,1,464,762,454,454,46.4,0,2100,10,0
0.000428,0,1,511,843,501,501,51.1,0,2105,10,0
0.000421,0,1,461,760,451,451,46.1,0,2110,10,0
0.000415,0,1,493,815,483,483,49.3,0,2115,10,0
0.000416,0,1,443,734,433,433,44.3,0,2120,10,0
0.000362,0,1,393,648,383,383,39.3,0,2125,10,0
0.000344,0,1,360,594,350,350,36,0,2130,10,0
0.000321,0,1,310,511,300,300,31,0,2135,10,0
0.000295,0,1,260,427,250,250,26,0,2140,10,0
0.000355,0,1,393,645,383,383,39.3,0,2145,10,0
0.000371,0,1,356,583,346,346,35.6,0,2150,10,0
0.000343,0,1,336,551,326,326,33.6,0,2155,10,0
0.000339,0,1,344,565,334,334,34.4,0,2160,10,0
0.000358,0,1,343,563,333,333,34.3,0,2165,10,0
0.000341,0,1,358,589,348,348,35.8,0,2170,10,0
0.000312,0,1,308,506,298,298,30.8,0,2175,10,0
0.000272,0,1,271,444,261,261,27.1,0,2180,10,0
0.000306,0,1,324,533,314,314,32.4,0,2185,10,0
0.000306,0,1,326,534,316,316,32.6,0,2190,10,0
0.000282,0,1,292,482,282,282,29.2,0,2195,10,0
0.000268,0,1,262,431,252,252,26.2,0,2200,10,0
0.00025,0,1,219,358,209,209,21.9,0,2205,10,0
0.000341,0,1,332,546,322,322,33.2,0,2210,10,0
0.000283,0,1,293,480,283,283,29.3,0,2215,10,0
0.00027,0,1,310,509,300,300,31,0,2220,10,0
0.000292,0,1,338,556,328,328,33.8,0,2225,10,0
0.000292,0,1,328,539,318,318,32.8,0,2230,10,0
0.000268,0,1,303,499,293,293,30.3,0,2235,10,0
0.000244,0,1,266,437,256,256,26.6,0,2240,10,0
0.000273,0,1,300,491,290,290,30,0,2245,10,0
0.000286,0,1,332,546,322,322,33.2,0,2250,10,0
0.000268,0,1,282,463,272,272,28.2,0,2255,10,0
0.000301,0,1,274,447,264,264,27.4,0,2260,10,0
0.000301,0,1,354,578,344,344,35.4,0,2265,10,0
0.000369,0,1,320,524,310,310,32,0,2270,10,0
0.000239,0,1,270,440,260,260,27,0,2275,10,0
0.00027,0,1,288,469,278,278,28.8,0,2280,10,0
0.000273,0,1,320,522,310,310,32,0,2285,10,0
0.000252,0,1,288,469,278,278,28.8,0,2290,10,0
0.000229,0,1,238,386,228,228,23.8,0,2295,10,0
0.000222,0,1,243,393,233,233,24.3,0,2300,10,0
0.000235,0,1,265,429,255,255,26.5,0,2305,10,0
0.000246,0,1,284,459,274,274,28.4,0,2310,10,0
0.000223,0,1,250,404,240,240,25,0,2315,10,0
0.000205,0,1,214,346,204,204,21.4,0,2320,10,0
0.000248,0,1,269,436,259,259,26.9,0,2325,10,0
0.000235,0,1,261,422,251,251,26.1,0,2330,10,0
0.000241,0,1,282,453,272,272,28.2,0,2335,10,0
0.000268,0,1,270,439,260,260,27,0,2340,10,0
0.000222,0,1,235,380,225,225,23.5,0,2345,10,0
0.000274,0,1,339,553,329,329,33.9,0,2350,10,0
0.000245,0,1,289,473,279,279,28.9,0,2355,10,0
0.000301,0,1,381,625,371,371,38.1,0,2360,10,0
0.00027,0,1,331,545,321,321,33.1,0,2365,10,0
0.00025,0,1,281,462,271,271,28.1,0,2370,10,0
0.000251,0,1,285,466,275,275,28.5,0,2375,10,0
0.000237,0,1,258,423,248,248,25.8,0,2380,10,0
0.000296,0,1,341,558,331,331,34.1,0,2385,10,0
0.000291,0,1,369,603,359,359,36.9,0,2390,10,0
0.000313,0,1,410,673,400,400,41,0,2395,10,0
0.000283,0,1,360,591,350,350,36,0,2400,10,0
0.000291,0,1,378,621,368,368,37.8,0,2405,10,0
0.000266,0,1,328,539,318,318,32.8,0,2410,10,0
0.000267,0,1,278,456,268,268,27.8,0,2415,10,0
0.000224,0,1,244,400,234,234,24.4,0,2420,10,0
0.000259,0,1,295,480,285,285,29.5,0,2425,10,0
0.000297,1,2,311,508,267,266,27.7,1,2430,10,0
0.000416,1,2,431,709,392,391,40.2,1,2435,10,0
0.00037,0,1,402,662,392,392,40.2,0,2440,10,0
0.000348,0,1,367,604,357,357,36.7,0,2445,10,0
0.000349,0,1,355,583,345,345,35.5,0,2450,10,0
0.000462,0,1,361,591,351,351,36.1,0,2455,10,0
0.000423,0,1,343,561,333,333,34.3,0,2460,10,0
0.000497,0,1,392,642,382,382,39.2,0,2465,10,0
0.000446,0,1,342,559,332,332,34.2,0,2470,10,0
0.000383,0,1,330,539,320,320,33,0,2475,10,0
0.000302,0,1,363,597,353,353,36.3,0,2480,10,0
0.000309,0,1,380,625,370,370,38,0,2485,10,0
0.00031,0,1,336,551,326,326,33.6,0,2490,10,0
0.000291,0,1,357,587,347,347,35.7,0,2495,10,0
0.000339,0,1,414,682,404,404,41.4,0,2500,10,0
0.000325,0,1,372,611,362,362,37.2,0,2505,10,0
0.00036,0,1,372,610,362,362,37.2,0,2510,10,0
0.000317,0,1,411,674,401,401,41.1,0,2515,10,0
0.000295,0,1,361,592,351,351,36.1,0,2520,10,0
0.000332,0,1,399,655,389,389,39.9,0,2525,10,0
0.000343,0,1,349,573,339,339,34.9,0,2530,10,0
0.000267,0,1,299,492,289,289,29.9,0,2535,10,0
0.000285,0,1,299,488,289,289,29.9,0,2540,10,0
0.000264,0,1,286,467,276,276,28.6,0,2545,10,0
0.000239,0,1,249,405,239,239,24.9,0,2550,10,0
0.000288,0,1,304,496,294,294,30.4,0,2555,10,0
0.00027,0,1,264,433,254,254,26.4,0,2560,10,0
0.000254,0,1,297,486,287,287,29.7,0,2565,10,0
0.000272,0,1,335,547,325,325,33.5,0,2570,10,0
0.000311,0,1,375,614,365,365,37.5,0,2575,10,0
0.000372,0,1,420,691,410,410,42,0,2580,10,0
0.000343,0,1,439,721,429,429,43.9,0,2585,10,0
0.000323,0,1,416,685,406,406,41.6,0,2590,10,0
0.000333,0,1,391,645,381,381,39.1,0,2595,10,0
0.000292,0,1,356,584,346,346,35.6,0,2600,10,0
0.000271,0,1,323,532,313,313,32.3,0,2605,10,0
0.000275,0,1,273,449,263,263,27.3,0,2610,10,0
0.000226,0,1,233,382,223,223,23.3,0,2615,10,0
0.000235,0,1,245,398,235,235,24.5,0,2620,10,0
0.000241,0,1,250,407,240,240,25,0,2625,10,0
0.00025,0,1,215,349,205,205,21.5,0,2630,10,0
0.000208,0,1,198,318,188,188,19.8,0,2635,10,0
0.000227,0,1,212,342,202,202,21.2,0,2640,10,0
0.000297,0,1,250,402,240,240,25,0,2645,10,0
0.000256,0,1,281,453,271,271,28.1,0,2650,10,0
0.000248,0,1,262,424,252,252,26.2,0,2655,10,0
0.000314,0,1,259,421,249,249,25.9,0,2660,10,0
0.000264,0,1,244,394,234,234,24.4,0,2665,10,0
0.000285,0,1,323,526,313,313,32.3,0,2670,10,0
0.000249,0,1,273,446,263,263,27.3,0,2675,10,0
0.000295,0,1,332,544,322,322,33.2,0,2680,10,0
0.000301,0,1,342,558,332,332,34.2,0,2685,10,0
0.00034,0,1,415,679,405,405,41.5,0,2690,10,0
0.000442,0,1,365,600,355,355,36.5,0,2695,10,0
0.000318,0,1,375,614,365,365,37.5,0,2700,10,0
0.000324,0,1,325,532,315,315,32.5,0,2705,10,0
0.000254,0,1,275,452,265,265,27.5,0,2710,10,0
0.000268,0,1,254,416,244,244,25.4,0,2715,10,0
0.000294,0,1,236,385,226,226,23.6,0,2720,10,0
0.000233,0,1,234,379,224,224,23.4,0,2725,10,0
0.000207,0,1,184,300,174,174,18.4,0,2730,10,0
0.000237,0,1,251,404,241,241,25.1,0,2735,10,0
0.000253,0,1,285,462,275,275,28.5,0,2740,10,0
0.00025,0,1,276,448,266,266,27.6,0,2745,10,0
0.000239,0,1,258,417,248,248,25.8,0,2750,10,0
0.000223,0,1,220,358,210,210,22,0,2755,10,0
0.000204,0,1,198,316,188,188,19.8,0,2760,10,0
0.000282,0,1,319,520,309,309,31.9,0,2765,10,0
0.000335,0,1,395,646,385,385,39.5,0,2770,10,0
0.000355,0,1,400,655,390,390,40,0,2775,10,0
0.000297,0,1,350,577,340,340,35,0,2780,10,0
0.000342,0,1,300,495,290,290,30,0,2785,10,0
0.000277,0,1,323,530,313,313,32.3,0,2790,10,0
0.000307,0,1,347,571,337,337,34.7,0,2795,10,0
0.000264,0,1,304,502,294,294,30.4,0,2800,10,0
0.000291,0,1,316,519,306,306,31.6,0,2805,10,0
0.000273,0,1,309,507,299,299,30.9,0,2810,10,0
0.000289,0,1,343,562,333,333,34.3,0,2815,10,0
0.000265,0,1,293,480,283,283,29.3,0,2820,10,0
0.00024,0,1,255,416,245,245,25.5,0,2825,10,0
0.000279,0,1,301,491,291,291,30.1,0,2830,10,0
0.000309,0,1,267,436,257,257,26.7,0,2835,10,0
0.000297,1,2,271,440,253,252,26.3,1,2840,10,0
0.00033,1,2,349,568,285,284,29.5,1,2845,10,0
0.000309,0,1,264,431,254,254,26.4,0,2850,10,0
0.000272,0,1,300,493,290,290,30,0,2855,10,0
0.000251,0,1,275,451,265,265,27.5,0,2860,10,0
0.000239,0,1,251,409,241,241,25.1,0,2865,10,0
0.000243,0,1,252,411,242,242,25.2,0,2870,10,0
0.000215,0,1,202,329,192,192,20.2,0,2875,10,0
0.000252,0,1,271,442,261,261,27.1,0,2880,10,0
0.000234,0,1,221,362,211,211,22.1,0,2885,10,0
0.000237,0,1,246,402,236,236,24.6,0,2890,10,0
0.000288,0,1,343,561,333,333,34.3,0,2895,10,0
0.000268,0,1,297,488,287,287,29.7,0,2900,10,0
0.000306,0,1,288,476,278,278,28.8,0,2905,10,0
0.000232,0,1,238,390,228,228,23.8,0,2910,10,0
0.000283,0,1,188,310,178,178,18.8,0,2915,10,0
0.000221,0,1,214,351,204,204,21.4,0,2920,10,0
0.000205,0,1,188,303,178,178,18.8,0,2925,10,0
0.000196,0,1,164,266,154,154,16.4,0,2930,10,0
0.000241,0,1,243,395,233,233,24.3,0,2935,10,0
0.000259,0,1,266,433,256,256,26.6,0,2940,10,0
0.000276,1,2,268,436,246,245,25.6,1,2945,10,0
0.000247,1,2,213,346,196,195,20.6,1,2950,10,0
0.00026,0,1,259,420,249,249,25.9,0,2955,10,0
0.000316,0,1,367,598,357,357,36.7,0,2960,10,0
0.000288,0,1,317,520,307,307,31.7,0,2965,10,0
0.000332,0,1,330,542,320,320,33,0,2970,10,0
0.000357,1,2,413,673,353,353,36.3,1,2975,10,0
0.000333,1,2,358,587,303,303,31.3,1,2980,10,0
0.000342,0,1,287,470,277,277,28.7,0,2985,10,0
0.000288,0,1,317,518,307,307,31.7,0,2990,10,0
0.000293,0,1,337,552,327,327,33.7,0,2995,10,0
0.000302,0,1,358,587,348,348,35.8,0,3000,10,0
0.000311,0,1,361,591,351,351,36.1,0,3005,10,0
0.0003,0,1,363,595,353,353,36.3,0,3010,10,0
0.000321,0,1,328,539,318,318,32.8,0,3015,10,0
0.000268,0,1,294,483,284,284,29.4,0,3020,10,0
0.000285,0,1,264,431,254,254,26.4,0,3025,10,0
0.000347,0,1,288,470,278,278,28.8,0,3030,10,0
0.000269,0,1,273,445,263,263,27.3,0,3035,10,0
0.000249,0,1,223,364,213,213,22.3,0,3040,10,0
0.000352,0,1,279,456,269,269,27.9,0,3045,10,0
0.000286,0,1,299,486,289,289,29.9,0,3050,10,0
0.000254,0,1,249,406,239,239,24.9,0,3055,10,0
0.000297,0,1,306,501,296,296,30.6,0,3060,10,0
0.00032,0,1,347,569,337,337,34.7,0,3065,10,0
0.000309,0,1,355,584,345,345,35.5,0,3070,10,0
0.000282,0,1,305,502,295,295,30.5,0,3075,10,0
0.000279,0,1,277,455,267,267,27.7,0,3080,10,0
0.000313,0,1,339,557,329,329,33.9,0,3085,10,0
0.000409,0,1,336,552,326,326,33.6,0,3090,10,0
0.00038,0,1,286,470,276,276,28.6,0,3095,10,0
0.000305,0,1,310,509,300,300,31,0,3100,10,0
0.000386,0,1,379,624,369,369,37.9,0,3105,10,0
0.00031,0,1,329,543,319,319,32.9,0,3110,10,0
0.000279,0,1,300,494,290,290,30,0,3115,10,0
0.000297,0,1,311,511,301,301,31.1,0,3120,10,0
0.000259,0,1,261,429,251,251,26.1,0,3125,10,0
0.000263,0,1,278,454,268,268,27.8,0,3130,10,0
0.0003,0,1,318,521,308,308,31.8,0,3135,10,0
0.000398,0,1,306,503,296,296,30.6,0,3140,10,0
0.000387,0,1,279,457,269,269,27.9,0,3145,10,0
0.00034,0,1,283,463,273,273,28.3,0,3150,10,0
0.000278,0,1,247,407,237,237,24.7,0,3155,10,0
0.000313,0,1,244,400,234,234,24.4,0,3160,10,0
0.000258,0,1,257,418,247,247,25.7,0,3165,10,0
0.000277,0,1,254,413,244,244,25.4,0,3170,10,0
0.000213,0,1,218,355,208,208,21.8,0,3175,10,0
0.000305,0,1,312,510,302,302,31.2,0,3180,10,0
0.000327,0,1,404,660,394,394,40.4,0,3185,10,0
0.000285,0,1,354,581,344,344,35.4,0,3190,10,0
0.000281,0,1,338,557,328,328,33.8,0,3195,10,0
0.000275,0,1,312,512,302,302,31.2,0,3200,10,0
0.000263,0,1,262,430,252,252,26.2,0,3205,10,0
0.000257,0,1,272,446,262,262,27.2,0,3210,10,0
0.000262,0,1,294,482,284,284,29.4,0,3215,10,0
0.000241,0,1,254,415,244,244,25.4,0,3220,10,0
0.000243,0,1,221,360,211,211,22.1,0,3225,10,0
0.000327,0,1,322,525,312,312,32.2,0,3230,10,0
0.00031,0,1,272,444,262,262,27.2,0,3235,10,0
0.000348,0,1,330,542,320,320,33,0,3240,10,0
0.000301,0,1,316,517,306,306,31.6,0,3245,10,0
0.000305,0,1,344,565,334,334,34.4,0,3250,10,0
0.000303,0,1,317,521,307,307,31.7,0,3255,10,0
0.000266,0,1,284,465,274,274,28.4,0,3260,10,0
0.000275,0,1,234,384,224,224,23.4,0,3265,10,0
0.000316,0,1,200,324,190,190,20,0,3270,10,0
0.000264,0,1,260,423,250,250,26,0,3275,10,0
0.000303,0,1,244,398,234,234,24.4,0,3280,10,0
0.000397,0,1,298,488,288,288,29.8,0,3285,10,0
0.000338,0,1,330,539,320,320,33,0,3290,10,0
0.000316,0,1,345,566,335,335,34.5,0,3295,10,0
0.000316,0,1,333,545,323,323,33.3,0,3300,10,0
0.000283,0,1,299,491,289,289,29.9,0,3305,10,0
0.000284,0,1,307,502,297,297,30.7,0,3310,10,0
0.000271,0,1,307,503,297,297,30.7,0,3315,10,0
0.000301,0,1,337,553,327,327,33.7,0,3320,10,0
0.000249,0,1,287,471,277,277,28.7,0,3325,10,0
0.000276,0,1,321,526,311,311,32.1,0,3330,10,0
0.0003,0,1,348,567,338,338,34.8,0,3335,10,0
0.000348,1,2,313,512,289,288,29.9,1,3340,10,0
0.000344,1,2,323,527,304,303,31.4,1,3345,10,0
0.000329,0,1,361,591,351,351,36.1,0,3350,10,0
0.00028,0,1,311,510,301,301,31.1,0,3355,10,0
0.000241,0,1,261,426,251,251,26.1,0,3360,10,0
0.000295,0,1,328,536,318,318,32.8,0,3365,10,0
0.00028,0,1,330,542,320,320,33,0,3370,10,0
0.000271,0,1,292,477,282,282,29.2,0,3375,10,0
0.000271,0,1,299,487,289,289,29.9,0,3380,10,0
0.000257,0,1,292,472,282,282,29.2,0,3385,10,0
0.000406,0,1,438,715,428,428,43.8,0,3390,10,0
0.000314,0,1,388,638,378,378,38.8,0,3395,10,0
0.000292,0,1,351,575,341,341,35.1,0,3400,10,0
0.000299,0,1,347,570,337,337,34.7,0,3405,10,0
0.000339,0,1,363,599,353,353,36.3,0,3410,10,0
0.000303,0,1,331,544,321,321,33.1,0,3415,10,0
0.00032,0,1,416,682,406,406,41.6,0,3420,10,0
0.000284,0,1,366,603,356,356,36.6,0,3425,10,0
0.000271,0,1,316,521,306,306,31.6,0,3430,10,0
0.000237,0,1,266,436,256,256,26.6,0,3435,10,0
0.000308,0,1,348,571,338,338,34.8,0,3440,10,0
0.000283,0,1,371,608,361,361,37.1,0,3445,10,0
0.000277,0,1,338,554,328,328,33.8,0,3450,10,0
0.000476,0,1,373,612,363,363,37.3,0,3455,10,0
0.000351,0,1,336,549,326,326,33.6,0,3460,10,0
0.000275,0,1,286,469,276,276,28.6,0,3465,10,0
0.000328,0,1,250,409,240,240,25,0,3470,10,0
0.000231,0,1,227,370,217,217,22.7,0,3475,10,0
0.000283,0,1,273,447,263,263,27.3,0,3480,10,0
0.000283,0,1,269,441,259,259,26.9,0,3485,10,0
0.000482,1,3,316,515,259,258,26.9,1,3490,10,0
0.000587,3,6,436,712,291,288,30.1,2,3495,10,0
0.000401,2,4,391,636,285,283,29.5,2,3500,10,0
0.000356,0,1,421,690,411,411,42.1,0,3505,10,0
0.000341,0,1,422,693,412,412,42.2,0,3510,10,0
0.000342,0,1,440,721,430,430,44,0,3515,10,0
0.00035,0,1,455,749,445,445,45.5,0,3520,10,0
0.000384,0,1,475,784,465,465,47.5,0,3525,10,0
0.00036,0,1,439,723,429,429,43.9,0,3530,10,0
0.000336,0,1,409,673,399,399,40.9,0,3535,10,0
0.000315,0,1,359,592,349,349,35.9,0,3540,10,0
0.000289,0,1,333,547,323,323,33.3,0,3545,10,0
0.000236,0,1,283,465,273,273,28.3,0,3550,10,0
0.000263,0,1,279,457,269,269,27.9,0,3555,10,0
0.000243,0,1,250,406,240,240,25,0,3560,10,0
0.000193,0,1,200,325,190,190,20,0,3565,10,0
0.0002,0,1,156,254,146,146,15.6,0,3570,10,0
0.000333,0,1,362,590,352,352,36.2,0,3575,10,0
0.000297,0,1,339,557,329,329,33.9,0,3580,10,0
0.000375,0,1,297,490,287,287,29.7,0,3585,10,0
0.000306,0,1,358,585,348,348,35.8,0,3590,10,0
0.000361,0,1,378,622,368,368,37.8,0,3595,10,0
0.000317,0,1,414,683,404,404,41.4,0,3600,10,0
0.000301,0,1,364,599,354,354,36.4,0,3605,10,0
0.000315,0,1,391,644,381,381,39.1,0,3610,10,0
0.000304,0,1,341,564,331,331,34.1,0,3615,10,0
0.00028,0,1,291,479,281,281,29.1,0,3620,10,0
0.00032,0,1,393,645,383,383,39.3,0,3625,10,0
0.000305,0,1,362,596,352,352,36.2,0,3630,10,0
0.000266,0,1,325,535,315,315,32.5,0,3635,10,0
0.000246,0,1,283,466,273,273,28.3,0,3640,10,0
0.000262,0,1,312,512,302,302,31.2,0,3645,10,0
0.00026,0,1,313,512,303,303,31.3,0,3650,10,0
0.000267,0,1,263,432,253,253,26.3,0,3655,10,0
0.00026,0,1,233,383,223,223,23.3,0,3660,10,0
0.000258,0,1,261,425,251,251,26.1,0,3665,10,0
0.00026,0,1,242,392,232,232,24.2,0,3670,10,0
0.000215,0,1,197,320,187,187,19.7,0,3675,10,0
0.000291,0,1,333,540,323,323,33.3,0,3680,10,0
0.00028,0,1,309,504,299,299,30.9,0,3685,10,0
0.000311,0,1,363,595,353,353,36.3,0,3690,10,0
0.000294,0,1,356,587,346,346,35.6,0,3695,10,0
0.000273,0,1,306,502,296,296,30.6,0,3700,10,0
0.000235,0,1,256,422,246,246,25.6,0,3705,10,0
0.000234,0,1,274,448,264,264,27.4,0,3710,10,0
0.000219,0,1,259,418,249,249,25.9,0,3715,10,0
0.000221,0,1,209,341,199,199,20.9,0,3720,10,0
0.000251,0,1,230,372,220,220,23,0,3725,10,0
0.000249,0,1,293,478,283,283,29.3,0,3730,10,0
0.0003,1,2,341,562,281,280,29.1,1,3735,10,0
0.00032,1,2,329,543,274,273,28.4,1,3740,10,0
0.000241,0,1,289,472,279,279,28.9,0,3745,10,0
0.000252,0,1,275,452,265,265,27.5,0,3750,10,0
0.000263,0,1,279,454,269,269,27.9,0,3755,10,0
0.000207,0,1,229,371,219,219,22.9,0,3760,10,0
0.000249,0,1,256,417,246,246,25.6,0,3765,10,0
0.000336,0,1,248,404,238,238,24.8,0,3770,10,0
0.000191,0,1,198,322,188,188,19.8,0,3775,10,0
0.000178,0,1,171,274,161,161,17.1,0,3780,10,0
0.000299,0,1,324,524,314,314,32.4,0,3785,10,0
0.000242,0,1,288,469,278,278,28.8,0,3790,10,0
0.000231,0,1,264,429,254,254,26.4,0,3795,10,0
0.000241,0,1,236,380,226,226,23.6,0,3800,10,0
0.000225,0,1,257,416,247,247,25.7,0,3805,10,0
0.000242,0,1,297,486,287,287,29.7,0,3810,10,0
0.000256,0,1,263,428,253,253,26.3,0,3815,10,0
0.00022,0,1,253,413,243,243,25.3,0,3820,10,0
0.00021,0,1,237,385,227,227,23.7,0,3825,10,0
0.000303,0,1,270,440,260,260,27,0,3830,10,0
0.000274,0,1,303,495,293,293,30.3,0,3835,10,0
0.000257,0,1,276,453,266,266,27.6,0,3840,10,0
0.000257,0,1,226,369,216,216,22.6,0,3845,10,0
0.000296,0,1,300,491,290,290,30,0,3850,10,0
0.000286,0,1,328,536,318,318,32.8,0,3855,10,0
0.000257,0,1,278,453,268,268,27.8,0,3860,10,0
0.000293,0,1,337,552,327,327,33.7,0,3865,10,0
0.000313,0,1,324,532,314,314,32.4,0,3870,10,0
0.000312,0,1,373,612,363,363,37.3,0,3875,10,0
0.000285,0,1,323,532,313,313,32.3,0,3880,10,0
0.000264,0,1,273,452,263,263,27.3,0,3885,10,0
0.000236,0,1,234,383,224,224,23.4,0,3890,10,0
0.000213,0,1,184,301,174,174,18.4,0,3895,10,0
0.000245,0,1,233,378,223,223,23.3,0,3900,10,0
0.000235,0,1,234,376,224,224,23.4,0,3905,10,0
0.000288,0,1,254,412,244,244,25.4,0,3910,10,0
0.000289,0,1,304,495,294,294,30.4,0,3915,10,0
0.000295,0,1,347,566,337,337,34.7,0,3920,10,0
0.000287,0,1,307,504,297,297,30.7,0,3925,10,0
0.000382,0,1,390,638,380,380,39,0,3930,10,0
0.000329,0,1,350,573,340,340,35,0,3935,10,0
0.000269,0,1,300,494,290,290,30,0,3940,10,0
0.000298,0,1,360,592,350,350,36,0,3945,10,0
0.000287,0,1,321,527,311,311,32.1,0,3950,10,0
0.000245,0,1,271,444,261,261,27.1,0,3955,10,0
0.000251,0,1,284,464,274,274,28.4,0,3960,10,0
0.000236,0,1,247,403,237,237,24.7,0,3965,10,0
0.000221,0,1,227,369,217,217,22.7,0,3970,10,0
0.000249,0,1,283,457,273,273,28.3,0,3975,10,0
0.000254,0,1,265,430,255,255,26.5,0,3980,10,0
0.000243,0,1,272,443,262,262,27.2,0,3985,10,0
0.000262,0,1,288,470,278,278,28.8,0,3990,10,0
0.000279,0,1,326,533,316,316,32.6,0,3995,10,0
0.000244,0,1,276,454,266,266,27.6,0,4000,10,0
0.000219,0,1,226,370,216,216,22.6,0,4005,10,0
0.000297,0,1,351,576,341,341,35.1,0,4010,10,0
0.000261,0,1,301,497,291,291,30.1,0,4015,10,0
0.000259,0,1,304,495,294,294,30.4,0,4020,10,0
0.000267,0,1,314,512,304,304,31.4,0,4025,10,0
0.000276,0,1,330,540,320,320,33,0,4030,10,0
0.000266,0,1,309,503,299,299,30.9,0,4035,10,0
0.000251,0,1,286,470,276,276,28.6,0,4040,10,0
0.000255,0,1,296,483,286,286,29.6,0,4045,10,0
0.000234,0,1,246,401,236,236,24.6,0,4050,10,0
0.00024,0,1,263,429,253,253,26.3,0,4055,10,0
0.00022,0,1,230,372,220,220,23,0,4060,10,0
0.000283,1,2,286,463,235,234,24.5,1,4065,10,0
0.000245,1,2,226,365,185,184,19.5,1,4070,10,0
0.000195,0,1,184,297,174,174,18.4,0,4075,10,0
0.000241,0,1,258,417,248,248,25.8,0,4080,10,0
0.00022,0,1,230,371,220,220,23,0,4085,10,0
0.000287,0,1,311,506,301,301,31.1,0,4090,10,0
0.000282,0,1,330,538,320,320,33,0,4095,10,0
0.00031,0,1,404,662,394,394,40.4,0,4100,10,0
0.000312,0,1,354,579,344,344,35.4,0,4105,10,0
0.000264,0,1,323,527,313,313,32.3,0,4110,10,0
0.000293,0,1,292,476,282,282,29.2,0,4115,10,0
0.000247,0,1,274,444,264,264,27.4,0,4120,10,0
0.000303,0,1,383,626,373,373,38.3,0,4125,10,0
0.000274,0,1,341,557,331,331,34.1,0,4130,10,0
0.000276,0,1,335,548,325,325,33.5,0,4135,10,0
0.000419,0,1,300,490,290,290,30,0,4140,10,0
0.000479,0,1,330,538,320,320,33,0,4145,10,0
0.00046,0,1,288,471,278,278,28.8,0,4150,10,0
0.000374,0,1,252,413,242,242,25.2,0,4155,10,0
0.000446,0,1,309,502,299,299,30.9,0,4160,10,0
0.000384,0,1,284,459,274,274,28.4,0,4165,10,0
0.000301,0,1,358,585,348,348,35.8,0,4170,10,0
0.000285,0,1,355,580,345,345,35.5,0,4175,10,0
0.000257,0,1,305,495,295,295,30.5,0,4180,10,0
0.000301,0,1,280,455,270,270,28,0,4185,10,0
0.000237,0,1,259,421,249,249,25.9,0,4190,10,0
0.000269,1,2,269,434,242,242,25.2,1,4195,10,0
0.000415,2,4,394,646,298,297,30.8,2,4200,10,0
0.000314,1,2,358,589,290,289,30,1,4205,10,0
0.000308,0,1,369,603,359,359,36.9,0,4210,10,0
0.000416,0,1,403,664,393,393,40.3,0,4215,10,0
0.00034,0,1,427,707,417,417,42.7,0,4220,10,0
0.000303,0,1,391,644,381,381,39.1,0,4225,10,0
0.000307,0,1,360,592,350,350,36,0,4230,10,0
0.000269,0,1,323,531,313,313,32.3,0,4235,10,0
0.00029,0,1,327,536,317,317,32.7,0,4240,10,0
0.000286,0,1,277,455,267,267,27.7,0,4245,10,0
0.000248,0,1,303,497,293,293,30.3,0,4250,10,0
0.000256,0,1,328,536,318,318,32.8,0,4255,10,0
0.000247,0,1,304,498,294,294,30.4,0,4260,10,0
0.000253,1,2,277,453,244,244,25.4,1,4265,10,0
0.000272,1,2,304,496,276,276,28.6,1,4270,10,0
0.000255,0,1,307,503,297,297,30.7,0,4275,10,0
0.00023,0,1,279,457,269,269,27.9,0,4280,10,0
0.000234,0,1,284,463,274,274,28.4,0,4285,10,0
0.000211,0,1,234,381,224,224,23.4,0,4290,10,0
0.00024,0,1,283,464,273,273,28.3,0,4295,10,0
0.000283,0,1,352,577,342,342,35.2,0,4300,10,0
0.000375,0,1,426,702,416,416,42.6,0,4305,10,0
0.000383,0,1,524,864,514,514,52.4,0,4310,10,0
0.000344,0,1,474,782,464,464,47.4,0,4315,10,0
0.000341,0,1,435,719,425,425,43.5,0,4320,10,0
0.000315,0,1,385,638,375,375,38.5,0,4325,10,0
0.000275,0,1,344,566,334,334,34.4,0,4330,10,0
0.000256,0,1,308,508,298,298,30.8,0,4335,10,0
0.00024,0,1,263,432,253,253,26.3,0,4340,10,0
0.000272,0,1,323,530,313,313,32.3,0,4345,10,0
0.000269,0,1,287,472,277,277,28.7,0,4350,10,0
0.000279,0,1,300,492,290,290,30,0,4355,10,0
0.000284,0,1,306,503,296,296,30.6,0,4360,10,0
0.000287,0,1,320,525,310,310,32,0,4365,10,0
0.000276,0,1,313,513,303,303,31.3,0,4370,10,0
0.00027,0,1,291,480,281,281,29.1,0,4375,10,0
0.000251,0,1,260,425,250,250,26,0,4380,10,0
0.000229,0,1,210,344,200,200,21,0,4385,10,0
0.000311,0,1,347,570,337,337,34.7,0,4390,10,0
0.000308,0,1,321,527,311,311,32.1,0,4395,10,0
0.000268,0,1,285,467,275,275,28.5,0,4400,10,0
0.000387,1,2,420,691,325,324,33.5,1,4405,10,0
0.000316,0,1,403,660,393,393,40.3,0,4410,10,0
0.000299,0,1,360,590,350,350,36,0,4415,10,0
0.000326,0,1,393,644,383,383,39.3,0,4420,10,0
0.000686,0,1,422,694,412,412,42.2,0,4425,10,0
0.000521,0,1,393,645,383,383,39.3,0,4430,10,0
0.000341,0,1,343,564,333,333,34.3,0,4435,10,0
0.000309,0,1,300,489,290,290,30,0,4440,10,0
0.000308,0,1,288,469,278,278,28.8,0,4445,10,0
0.000467,0,1,388,635,378,378,38.8,0,4450,10,0
0.00049,0,1,358,583,348,348,35.8,0,4455,10,0
0.000495,0,1,327,534,317,317,32.7,0,4460,10,0
0.000659,0,1,399,653,389,389,39.9,0,4465,10,0
0.000626,0,1,415,680,405,405,41.5,0,4470,10,0
0.000421,0,1,409,672,399,399,40.9,0,4475,10,0
0.000489,0,1,406,666,396,396,40.6,0,4480,10,0
0.000418,0,1,378,622,368,368,37.8,0,4485,10,0
0.000358,0,1,341,560,331,331,34.1,0,4490,10,0
0.000321,0,1,300,491,290,290,30,0,4495,10,0
0.000486,0,1,340,556,330,330,34,0,4500,10,0
0.000443,0,1,439,718,429,429,43.9,0,4505,10,0
0.000342,0,1,389,637,379,379,38.9,0,4510,10,0
0.000302,0,1,382,627,372,372,38.2,0,4515,10,0
0.00039,0,1,353,579,343,343,35.3,0,4520,10,0
0.000365,0,1,398,652,388,388,39.8,0,4525,10,0
0.000526,0,1,392,642,382,382,39.2,0,4530,10,0
0.000342,0,1,342,560,332,332,34.2,0,4535,10,0
0.000385,0,1,426,696,416,416,42.6,0,4540,10,0
0.000324,0,1,400,655,390,390,40,0,4545,10,0
0.000332,0,1,374,613,364,364,37.4,0,4550,10,0
0.000281,0,1,339,555,329,329,33.9,0,4555,10,0
0.000316,0,1,306,500,296,296,30.6,0,4560,10,0
0.000239,0,1,256,415,246,246,25.6,0,4565,10,0
0.000284,0,1,302,491,292,292,30.2,0,4570,10,0
0.000323,0,1,359,587,349,349,35.9,0,4575,10,0
0.000297,0,1,365,599,355,355,36.5,0,4580,10,0
0.000464,0,1,346,568,336,336,34.6,0,4585,10,0
0.00051,0,1,339,553,329,329,33.9,0,4590,10,0
0.00051,0,1,359,586,349,349,35.9,0,4595,10,0
0.000467,0,1,309,506,299,299,30.9,0,4600,10,0
0.000286,0,1,305,501,295,295,30.5,0,4605,10,0
0.000515,0,1,342,563,332,332,34.2,0,4610,10,0
0.000522,0,1,299,492,289,289,29.9,0,4615,10,0
0.000482,0,1,314,516,304,304,31.4,0,4620,10,0
0.000435,0,1,276,453,266,266,27.6,0,4625,10,0
0.000397,0,1,255,418,245,245,25.5,0,4630,10,0
0.000372,0,1,228,372,218,218,22.8,0,4635,10,0
0.000451,0,1,284,462,274,274,28.4,0,4640,10,0
0.000487,0,1,300,490,290,290,30,0,4645,10,0
0.000597,0,1,363,593,353,353,36.3,0,4650,10,0
0.000327,0,1,384,627,374,374,38.4,0,4655,10,0
0.000299,0,1,334,548,324,324,33.4,0,4660,10,0
0.000295,0,1,322,527,312,312,32.2,0,4665,10,0
0.000317,0,1,358,587,348,348,35.8,0,4670,10,0
0.000295,0,1,341,560,331,331,34.1,0,4675,10,0
0.000276,0,1,306,504,296,296,30.6,0,4680,10,0
0.000242,0,1,256,419,246,246,25.6,0,4685,10,0
0.000223,0,1,206,336,196,196,20.6,0,4690,10,0
0.000224,0,1,202,329,192,192,20.2,0,4695,10,0
0.00025,0,1,245,397,235,235,24.5,0,4700,10,0
0.000214,0,1,211,341,201,201,21.1,0,4705,10,0
0.000348,0,1,335,547,325,325,33.5,0,4710,10,0
0.000343,0,1,417,683,407,407,41.7,0,4715,10,0
0.000365,1,2,393,645,373,372,38.3,1,4720,10,0
0.000356,1,2,367,603,341,340,35.1,1,4725,10,0
0.000414,1,2,475,782,430,430,44,1,4730,10,0
0.000384,1,2,469,774,429,429,43.9,1,4735,10,0
0.000337,0,1,412,681,402,402,41.2,0,4740,10,0
0.000322,0,1,362,596,352,352,36.2,0,4745,10,0
0.000261,0,1,312,515,302,302,31.2,0,4750,10,0
0.000283,1,2,273,450,253,252,26.3,1,4755,10,0
0.000263,1,2,258,422,231,230,24.1,1,4760,10,0
0.000224,0,1,205,336,195,195,20.5,0,4765,10,0
0.00022,0,1,187,303,177,177,18.7,0,4770,10,0
0.000219,0,1,198,320,188,188,19.8,0,4775,10,0
0.000234,0,1,228,371,218,218,22.8,0,4780,10,0
0.00033,0,1,206,337,196,196,20.6,0,4785,10,0
0.000412,0,1,254,415,244,244,25.4,0,4790,10,0
0.000418,0,1,245,402,235,235,24.5,0,4795,10,0
0.000432,0,1,304,497,294,294,30.4,0,4800,10,0
0.000409,0,1,278,456,268,268,27.8,0,4805,10,0
0.000356,0,1,228,375,218,218,22.8,0,4810,10,0
0.000349,0,1,214,349,204,204,21.4,0,4815,10,0
0.000348,0,1,216,350,206,206,21.6,0,4820,10,0
0.000332,0,1,195,317,185,185,19.5,0,4825,10,0
0.000359,0,1,247,404,237,237,24.7,0,4830,10,0
0.00027,0,1,244,398,234,234,24.4,0,4835,10,0
0.000264,0,1,296,483,286,286,29.6,0,4840,10,0
0.000245,0,1,267,435,257,257,26.7,0,4845,10,0
0.000308,0,1,336,552,326,326,33.6,0,4850,10,0
0.000292,0,1,336,550,326,326,33.6,0,4855,10,0
0.00033,0,1,348,572,338,338,34.8,0,4860,10,0
0.000318,0,1,389,644,379,379,38.9,0,4865,10,0
0.000323,0,1,370,609,360,360,37,0,4870,10,0
0.000295,0,1,353,580,343,343,35.3,0,4875,10,0
0.000299,0,1,342,563,332,332,34.2,0,4880,10,0
0.000296,0,1,326,536,316,316,32.6,0,4885,10,0
0.000286,0,1,276,453,266,266,27.6,0,4890,10,0
0.000266,0,1,273,449,263,263,27.3,0,4895,10,0
0.000244,0,1,260,424,250,250,26,0,4900,10,0
0.000252,0,1,244,396,234,234,24.4,0,4905,10,0
0.000247,0,1,228,371,218,218,22.8,0,4910,10,0
0.000252,0,1,262,427,252,252,26.2,0,4915,10,0
0.000234,0,1,249,407,239,239,24.9,0,4920,10,0
0.000328,0,1,377,618,367,367,37.7,0,4925,10,0
0.000507,0,1,417,686,407,407,41.7,0,4930,10,0
0.000501,1,2,463,765,400,400,41,1,4935,10,0
0.000426,1,2,408,675,350,350,36,1,4940,10,0
0.000335,0,1,317,523,307,307,31.7,0,4945,10,0
0.000308,0,1,279,460,269,269,27.9,0,4950,10,0
0.000309,0,1,284,466,274,274,28.4,0,4955,10,0
0.000386,0,1,281,459,271,271,28.1,0,4960,10,0
0.000441,1,2,387,634,359,359,36.9,1,4965,10,0
0.000319,0,1,319,522,309,309,31.9,0,4970,10,0
0.000351,0,1,307,501,297,297,30.7,0,4975,10,0
0.000518,0,1,301,493,291,291,30.1,0,4980,10,0
0.000397,0,1,261,428,251,251,26.1,0,4985,10,0
0.00044,0,1,256,417,246,246,25.6,0,4990,10,0
0.000409,0,1,262,426,252,252,26.2,0,4995,10,0
