0.000414,0,0,294,1023,284,284,29.4,0,0,10,0,10
0.00048,0,0,244,831,234,234,24.4,0,5,10,0,10
0.000398,0,0,231,753,221,221,23.1,0,10,10,0,10
0.000384,0,0,260,839,250,250,26,0,15,10,0,10
0.000318,0,0,229,734,219,219,22.9,0,20,10,0,10
0.000392,0,0,222,711,212,212,22.2,0,25,10,0,10
0.000375,1,2,257,846,204,204,21.4,1,30,10,0,10
0.000291,0,0,190,632,180,180,19,0,35,10,0,10
0.000394,1,2,234,764,179,179,18.9,1,40,10,0,10
0.000356,1,2,226,739,186,186,19.6,1,45,10,0,10
0.000381,0,0,230,760,219,219,22.9,0,50,10,0,10
0.001823,15,30,1112,3368,208,208,21.8,2,55,10,0,10
0.000589,7,14,423,1381,183,183,19.3,3,60,10,0,10
0.000336,0,0,219,730,209,209,21.9,0,65,10,0,10
0.000309,0,0,211,706,201,201,21.1,0,70,10,0,10
0.000452,1,2,296,983,230,230,24,1,75,10,0,10
0.000638,6,12,459,1513,182,182,19.2,3,80,10,0,10
0.000458,3,6,308,1021,201,201,21.1,1,85,10,0,10
0.00032,0,0,199,653,189,189,19.9,0,90,10,0,10
0.000376,0,0,211,671,201,201,21.1,0,95,10,0,10
0.000338,0,0,235,746,225,225,23.5,0,100,10,0,10
0.000297,0,0,227,724,217,217,22.7,0,105,10,0,10
0.00048,3,6,296,987,181,181,19.1,1,110,10,0,10
0.000358,3,6,277,881,192,192,20.2,1,115,10,0,10
0.000273,0,0,214,675,204,204,21.4,0,120,10,0,10
0.000482,3,6,374,1242,251,251,26.1,1,125,10,0,10
0.000853,7,14,638,2126,267,267,27.7,2,130,10,0,10
0.000295,0,0,227,754,217,217,22.7,0,135,10,0,10
0.001343,12,24,890,3012,218,218,22.8,5,140,10,0,10
0.001002,12,24,683,2338,202,202,21.2,5,145,10,0,10
0.000296,1,2,213,688,169,169,17.9,1,150,10,0,10
0.000302,1,2,192,620,158,158,16.8,1,155,10,0,10
0.000337,0,0,228,732,211,211,22.1,0,160,10,0,10
0.000674,4,8,418,1418,221,221,23.1,2,165,10,0,10
0.000556,4,8,368,1214,228,228,23.8,2,170,10,0,10
0.00042,1,2,265,883,191,191,20.1,1,175,10,0,10
0.000801,5,10,448,1560,191,191,20.1,5,180,10,0,10
0.001279,15,30,822,2826,167,167,17.7,2,185,10,0,10
0.000414,3,6,249,829,150,150,16,1,190,10,0,10
0.000317,0,0,204,640,194,194,20.4,0,195,10,0,10
0.000373,1,2,212,679,159,159,16.9,1,200,10,0,10
0.00031,1,2,205,665,162,162,17.2,1,205,10,0,10
0.000297,0,0,196,651,186,186,19.6,0,210,10,0,10
0.000336,0,0,198,672,188,188,19.8,0,215,10,0,10
0.000409,1,2,240,812,182,182,19.2,1,220,10,0,10
0.000272,0,0,176,584,166,166,17.6,0,225,10,0,10
0.000459,3,6,286,928,134,134,14.4,1,230,10,0,10
0.000365,3,6,199,651,111,111,12.1,1,235,10,0,10
0.000252,0,0,175,550,165,165,17.5,0,240,10,0,10
0.000308,1,2,234,744,190,190,20,1,245,10,0,10
0.000671,7,14,474,1589,142,142,15.2,2,250,10,0,10
0.00087,15,30,588,2003,165,165,17.5,2,255,10,0,10
0.000537,3,6,357,1151,191,191,20.1,1,260,10,0,10
0.002537,31,62,1905,5525,226,226,23.6,4,265,10,0,10
0.000951,15,30,685,2178,214,214,22.4,3,270,10,0,10
0.000233,0,0,174,563,164,164,17.4,0,275,10,0,10
0.000284,0,0,228,730,218,218,22.8,0,280,10,0,10
0.000306,0,0,248,807,238,238,24.8,0,285,10,0,10
0.000264,0,0,198,650,188,188,19.8,0,290,10,0,10
0.000285,0,0,197,643,187,187,19.7,0,295,10,0,10
0.000632,4,8,452,1498,228,228,23.8,2,300,10,0,10
0.002531,26,52,1694,5812,211,211,22.1,6,305,10,0,10
0.001032,9,18,663,2275,210,210,22,3,310,10,0,10
0.000996,8,16,716,2277,226,226,23.6,3,315,10,0,10
0.000421,2,4,266,881,176,176,18.6,2,320,10,0,10
0.000258,0,0,175,544,165,165,17.5,0,325,10,0,10
0.000241,0,0,160,506,150,150,16,0,330,10,0,10
0.000349,0,0,258,827,248,248,25.8,0,335,10,0,10
0.000532,3,6,429,1364,229,229,23.9,1,340,10,0,10
0.000588,4,8,432,1397,222,222,23.2,2,345,10,0,10
0.000336,1,2,239,781,191,191,20.1,1,350,10,0,10
0.000282,0,0,191,607,180,180,19,0,355,10,0,10
0.000403,3,6,275,893,159,159,16.9,1,360,10,0,10
0.000284,1,2,167,523,137,137,14.7,1,365,10,0,10
0.000322,0,0,231,728,221,221,23.1,0,370,10,0,10
0.000389,1,2,265,816,203,203,21.3,1,375,10,0,10
0.000383,1,2,283,899,213,213,22.3,1,380,10,0,10
0.00062,5,10,441,1348,215,215,22.5,2,385,10,0,10
0.000525,5,10,345,1099,191,191,20.1,2,390,10,0,10
0.000875,7,14,636,1961,188,188,19.8,1,395,10,0,10
0.003169,31,62,2272,7071,230,230,24,2,400,10,0,10
0.000435,3,6,301,1003,180,180,19,1,405,10,0,10
0.00031,0,0,190,611,180,180,19,0,410,10,0,10
0.00095,6,12,598,2026,220,220,23,2,415,10,0,10
0.002493,21,42,1573,5205,192,192,20.2,3,420,10,0,10
0.001309,13,26,900,3005,205,205,21.5,3,425,10,0,10
0.000348,1,2,217,726,185,185,19.5,2,430,10,0,10
0.000408,2,4,233,798,151,151,16.1,2,435,10,0,10
0.000334,2,4,189,599,127,127,13.7,2,440,10,0,10
0.000292,0,0,194,610,184,184,19.4,0,445,10,0,10
0.000514,2,4,374,1196,253,253,26.3,2,450,10,0,10
0.001281,14,28,910,3074,216,216,22.6,4,455,10,0,10
0.001579,18,36,991,3460,168,168,17.8,3,460,10,0,10
0.000314,1,2,185,618,141,141,15.1,1,465,10,0,10
0.000631,4,8,400,1334,210,210,22,1,470,10,0,10
0.000456,3,6,317,1053,201,201,21.1,1,475,10,0,10
0.000311,0,0,214,681,204,204,21.4,0,480,10,0,10
0.000337,1,2,237,772,193,193,20.3,1,485,10,0,10
0.000415,1,2,230,772,196,196,20.6,1,490,10,0,10
0.000509,3,6,315,1054,165,165,17.5,1,495,10,0,10
0.002545,32,64,1598,5385,238,238,24.8,4,500,10,0,10
0.000808,8,16,527,1834,188,188,19.8,3,505,10,0,10
0.000377,1,2,273,862,208,208,21.8,1,510,10,0,10
0.000451,3,6,313,1005,172,172,18.2,1,515,10,0,10
0.000295,1,2,203,633,165,165,17.5,1,520,10,0,10
0.000263,0,0,197,606,187,187,19.7,0,525,10,0,10
0.000343,1,2,255,801,190,190,20,1,530,10,0,10
0.000432,3,6,327,1015,180,180,19,1,535,10,0,10
0.000446,3,6,297,959,186,186,19.6,1,540,10,0,10
0.000251,0,0,173,549,163,163,17.3,0,545,10,0,10
0.000279,0,0,183,582,173,173,18.3,0,550,10,0,10
0.000674,4,8,514,1679,244,244,25.4,1,555,10,0,10
0.000614,3,6,388,1316,212,212,22.2,1,560,10,0,10
0.000834,7,14,526,1789,164,164,17.4,2,565,10,0,10
0.000732,6,12,469,1625,186,186,19.6,2,570,10,0,10
0.000315,0,0,240,774,225,225,23.5,0,575,10,0,10
0.000459,3,6,295,1010,177,177,18.7,1,580,10,0,10
0.007226,63,126,4684,14185,162,162,17.2,3,585,10,0,10
0.001278,15,30,827,2808,156,156,16.6,2,590,10,0,10
0.000362,0,0,261,852,251,251,26.1,0,595,10,0,10
0.000323,0,0,242,787,232,232,24.2,0,600,10,0,10
0.00036,1,2,265,849,198,198,20.8,1,605,10,0,10
0.000514,3,6,351,1103,205,205,21.5,2,610,10,0,10
0.000345,1,2,226,759,192,192,20.2,1,615,10,0,10
0.001558,15,30,1049,3376,217,217,22.7,2,620,10,0,10
0.001609,15,30,1043,3444,197,197,20.7,2,625,10,0,10
0.000307,1,2,193,625,154,154,16.4,1,630,10,0,10
0.000268,0,0,152,482,142,142,15.2,0,635,10,0,10
0.000285,0,0,152,475,142,142,15.2,0,640,10,0,10
0.000314,0,0,206,650,193,193,20.3,0,645,10,0,10
0.000597,3,6,336,1175,190,190,20,1,650,10,0,10
0.006626,63,126,4018,12960,244,244,25.4,5,655,10,0,10
0.126316,1045,2090,69908,215042,200,200,21,9,660,10,0,10
0.005639,63,126,3428,11301,175,175,18.5,4,665,10,0,10
0.002537,26,52,1531,5001,172,172,18.2,4,670,10,0,10
0.000705,5,10,484,1651,218,218,22.8,4,675,10,0,10
0.001471,11,22,962,3122,224,224,23.4,3,680,10,0,10
0.000904,7,14,550,1894,189,189,19.9,2,685,10,0,10
0.00025,0,0,173,554,163,163,17.3,0,690,10,0,10
0.000556,3,6,390,1288,208,208,21.8,1,695,10,0,10
0.000468,3,6,324,1073,214,214,22.4,1,700,10,0,10
0.000637,7,14,444,1461,202,202,21.2,2,705,10,0,10
0.000615,4,8,410,1383,214,214,22.4,2,710,10,0,10
0.000274,0,0,187,609,177,177,18.7,0,715,10,0,10
0.000788,7,14,561,1691,185,185,19.5,2,720,10,0,10
0.00084,7,14,542,1790,203,203,21.3,2,725,10,0,10
0.000714,4,8,486,1572,229,229,23.9,2,730,10,0,10
0.000445,2,4,294,976,179,179,18.9,2,735,10,0,10
0.000802,7,14,601,1918,186,186,19.6,1,740,10,0,10
0.047799,511,1022,36389,99828,208,208,21.8,5,745,10,0,10
0.042966,512,1024,29670,95340,184,184,19.4,5,750,10,0,10
0.000404,4,8,325,1049,181,181,19.1,2,755,10,0,10
0.000238,0,0,161,512,151,151,16.1,0,760,10,0,10
0.000476,4,8,329,1030,170,170,18,1,765,10,0,10
0.001513,15,30,1135,3846,260,260,27,2,770,10,0,10
0.00035,0,0,252,816,242,242,25.2,0,775,10,0,10
0.000494,2,4,389,1268,255,255,26.5,2,780,10,0,10
0.011682,127,254,8975,26467,210,210,22,4,785,10,0,10
0.012502,136,272,7950,25981,213,213,22.3,5,790,10,0,10
0.000585,5,10,380,1319,163,163,17.3,2,795,10,0,10
0.000828,7,14,580,1918,203,203,21.3,2,800,10,0,10
0.001463,19,38,1098,3569,291,291,30.1,3,805,10,0,10
0.000997,9,18,758,2567,254,254,26.4,3,810,10,0,10
0.000541,2,4,419,1354,279,279,28.9,2,815,10,0,10
0.000359,0,0,246,797,236,236,24.6,0,820,10,0,10
0.000325,0,0,223,715,213,213,22.3,0,825,10,0,10
0.000707,5,10,452,1531,191,191,20.1,2,830,10,0,10
0.000596,5,10,418,1375,191,191,20.1,2,835,10,0,10
0.000434,1,2,299,968,222,222,23.2,1,840,10,0,10
0.000387,1,2,264,886,197,197,20.7,1,845,10,0,10
0.000326,0,0,207,669,197,197,20.7,0,850,10,0,10
0.000303,0,0,215,692,205,205,21.5,0,855,10,0,10
0.000572,3,6,395,1282,192,192,20.2,2,860,10,0,10
0.001875,21,42,1193,4076,185,185,19.5,3,865,10,0,10
0.001023,11,22,684,2315,183,183,19.3,4,870,10,0,10
0.000419,2,4,289,968,183,183,19.3,2,875,10,0,10
0.000299,0,0,184,592,174,174,18.4,0,880,10,0,10
0.000332,0,0,246,796,236,236,24.6,0,885,10,0,10
0.0005,3,6,334,1079,220,220,23,1,890,10,0,10
0.000356,1,2,254,804,212,212,22.2,1,895,10,0,10
0.000318,1,2,230,716,182,182,19.2,1,900,10,0,10
0.00034,0,0,249,784,239,239,24.9,0,905,10,0,10
0.000335,0,0,203,661,193,193,20.3,0,910,10,0,10
0.000326,0,0,228,741,218,218,22.8,0,915,10,0,10
0.000338,0,0,245,777,235,235,24.5,0,920,10,0,10
0.000325,0,0,256,831,246,246,25.6,0,925,10,0,10
0.000496,2,4,313,1015,196,196,20.6,2,930,10,0,10
0.000246,0,0,167,553,157,157,16.7,0,935,10,0,10
0.000295,0,0,223,743,213,213,22.3,0,940,10,0,10
0.000774,6,12,454,1429,184,184,19.4,2,945,10,0,10
0.000429,3,6,268,907,188,188,19.8,2,950,10,0,10
0.00032,0,0,225,724,215,215,22.5,0,955,10,0,10
0.001576,16,32,1186,3501,210,210,22,2,960,10,0,10
0.004424,63,126,3117,10484,212,212,22.2,3,965,10,0,10
0.000393,3,6,285,947,196,196,20.6,1,970,10,0,10
0.001022,8,16,766,2422,181,181,19.1,1,975,10,0,10
0.003992,34,68,2553,8187,201,201,21.1,3,980,10,0,10
0.000777,6,12,439,1527,190,190,20,3,985,10,0,10
0.000294,0,0,201,671,191,191,20.1,0,990,10,0,10
0.000624,3,6,303,1051,172,172,18.2,1,995,10,0,10
0.001644,15,30,1064,3635,208,208,21.8,3,1000,10,0,10
0.000894,7,14,553,1880,159,159,16.9,3,1005,10,0,10
0.000733,7,14,472,1627,172,172,18.2,2,1010,10,0,10
0.000396,3,6,237,833,133,133,14.3,1,1015,10,0,10
0.000231,0,0,158,519,148,148,15.8,0,1020,10,0,10
0.000587,4,8,445,1445,221,221,23.1,2,1025,10,0,10
0.000527,3,6,367,1236,217,217,22.7,4,1030,10,0,10
0.002842,27,54,1747,5855,184,184,19.4,4,1035,10,0,10
0.000397,3,6,260,855,151,151,16.1,2,1040,10,0,10
0.000217,0,0,156,490,146,146,15.6,0,1045,10,0,10
0.000394,3,6,273,870,149,149,15.9,1,1050,10,0,10
0.000576,3,6,405,1333,201,201,21.1,1,1055,10,0,10
0.000406,1,2,286,931,202,202,21.2,1,1060,10,0,10
0.000431,2,4,319,1067,186,186,19.6,3,1065,10,0,10
0.001616,18,36,1155,3896,213,213,22.3,6,1070,10,0,10
0.000769,9,18,561,1934,191,191,20.1,2,1075,10,0,10
0.000267,1,2,197,657,153,153,16.3,2,1080,10,0,10
0.002706,31,62,1992,5935,178,178,18.8,2,1085,10,0,10
0.001096,15,30,869,2972,163,163,17.3,2,1090,10,0,10
0.00027,0,0,229,750,219,219,22.9,0,1095,10,0,10
0.000297,0,0,246,795,236,236,24.6,0,1100,10,0,10
0.011329,127,254,9083,26581,240,240,25,4,1105,10,0,10
0.050017,511,1022,26624,88601,220,220,23,6,1110,10,0,10
0.004825,75,150,3439,11595,172,172,18.2,3,1115,10,0,10
0.000436,3,6,278,935,153,153,16.3,1,1120,10,0,10
0.000283,0,0,183,582,173,173,18.3,0,1125,10,0,10
0.000309,0,0,227,733,217,217,22.7,0,1130,10,0,10
0.000278,0,0,211,692,201,201,21.1,0,1135,10,0,10
0.000264,0,0,209,683,199,199,20.9,0,1140,10,0,10
0.00042,3,6,285,955,194,194,20.4,1,1145,10,0,10
0.001253,15,30,778,2725,216,216,22.6,2,1150,10,0,10
0.000362,3,6,237,779,166,166,17.6,1,1155,10,0,10
0.000932,7,14,634,2150,187,187,19.7,3,1160,10,0,10
0.000293,1,2,191,627,137,137,14.7,1,1165,10,0,10
0.000865,7,14,610,1886,213,213,22.3,2,1170,10,0,10
0.00397,37,74,2483,8224,262,262,27.2,5,1175,10,0,10
0.001863,19,38,1244,4133,219,219,22.9,2,1180,10,0,10
0.000447,3,6,350,1184,186,186,19.6,2,1185,10,0,10
0.000289,0,0,193,639,183,183,19.3,0,1190,10,0,10
0.000241,0,0,192,619,182,182,19.2,0,1195,10,0,10
0.000307,0,0,250,798,240,240,25,0,1200,10,0,10
0.000422,1,2,305,1011,246,246,25.6,1,1205,10,0,10
0.000322,0,0,256,844,246,246,25.6,0,1210,10,0,10
0.000441,1,2,323,1065,242,242,25.2,1,1215,10,0,10
0.000309,0,0,203,660,192,192,20.2,0,1220,10,0,10
0.000304,0,0,203,651,193,193,20.3,0,1225,10,0,10
0.000536,3,6,362,1178,198,198,20.8,1,1230,10,0,10
0.00052,3,6,322,1024,206,206,21.6,2,1235,10,0,10
0.000475,3,6,301,998,206,206,21.6,1,1240,10,0,10
0.000693,6,12,473,1540,188,188,19.8,2,1245,10,0,10
0.001752,15,30,1077,3721,234,234,24.4,4,1250,10,0,10
0.01313,157,314,9911,29211,189,189,19.9,3,1255,10,0,10
0.021234,257,514,14544,45529,216,216,22.6,4,1260,10,0,10
0.00232,32,64,1633,5379,188,188,19.8,3,1265,10,0,10
0.004001,46,92,2757,8672,191,191,20.1,4,1270,10,0,10
0.001781,19,38,1188,3954,188,188,19.8,4,1275,10,0,10
0.000457,2,4,297,1008,206,206,21.6,2,1280,10,0,10
0.007091,65,130,5074,13674,243,243,25.3,3,1285,10,0,10
0.021927,282,564,14445,44347,195,195,20.5,6,1290,10,0,10
0.000566,6,12,387,1322,145,145,15.5,3,1295,10,0,10
0.000339,0,0,204,671,194,194,20.4,0,1300,10,0,10
0.000359,1,2,224,739,171,171,18.1,1,1305,10,0,10
0.000449,3,6,268,942,152,152,16.2,1,1310,10,0,10
0.000303,0,0,207,670,197,197,20.7,0,1315,10,0,10
0.000498,3,6,321,1042,176,176,18.6,2,1320,10,0,10
0.000295,0,0,208,658,197,197,20.7,0,1325,10,0,10
0.000377,1,2,260,859,194,194,20.4,1,1330,10,0,10
0.000718,6,12,510,1663,202,202,21.2,3,1335,10,0,10
0.000457,3,6,320,1036,199,199,20.9,1,1340,10,0,10
0.001393,15,30,933,2663,170,170,18,2,1345,10,0,10
0.001017,15,30,583,1942,152,152,16.2,2,1350,10,0,10
0.000258,0,0,178,585,168,168,17.8,0,1355,10,0,10
0.000261,0,0,193,623,183,183,19.3,0,1360,10,0,10
0.00027,1,2,187,590,147,147,15.7,1,1365,10,0,10
0.000507,5,10,323,1070,192,192,20.2,2,1370,10,0,10
0.000424,3,6,328,1044,205,205,21.5,1,1375,10,0,10
0.000311,1,2,246,774,201,201,21.1,1,1380,10,0,10
0.000392,3,6,269,870,176,176,18.6,1,1385,10,0,10
0.000433,2,4,303,968,196,196,20.6,2,1390,10,0,10
0.000526,3,6,362,1181,197,197,20.7,1,1395,10,0,10
0.00027,0,0,210,681,200,200,21,0,1400,10,0,10
0.000471,4,8,374,1196,184,184,19.4,1,1405,10,0,10
0.00064,7,14,482,1596,217,217,22.7,2,1410,10,0,10
0.000273,1,2,203,658,167,167,17.7,1,1415,10,0,10
0.000844,7,14,566,1708,153,153,16.3,1,1420,10,0,10
0.000325,1,2,204,685,162,162,17.2,1,1425,10,0,10
0.011144,95,190,8177,23167,219,219,22.9,3,1430,10,0,10
0.004246,47,94,2858,9478,219,219,22.9,2,1435,10,0,10
0.000245,0,0,179,618,169,169,17.9,0,1440,10,0,10
0.000398,0,0,202,705,192,192,20.2,0,1445,10,0,10
0.000338,1,2,255,854,198,198,20.8,1,1450,10,0,10
0.000348,1,2,231,761,184,184,19.4,1,1455,10,0,10
0.00048,3,6,285,992,178,178,18.8,1,1460,10,0,10
0.00037,3,6,247,800,170,170,18,1,1465,10,0,10
0.000309,0,0,240,785,229,229,23.9,0,1470,10,0,10
0.000878,7,14,620,1998,220,220,23,2,1475,10,0,10
0.00136,16,32,831,2830,192,192,20.2,4,1480,10,0,10
0.00114,13,26,758,2598,206,206,21.6,4,1485,10,0,10
0.000588,7,14,424,1395,176,176,18.6,2,1490,10,0,10
0.00048,3,6,302,994,171,171,18.1,1,1495,10,0,10
0.000482,3,6,283,945,169,169,17.9,1,1500,10,0,10
0.000286,0,0,190,631,180,180,19,0,1505,10,0,10
0.001017,8,16,664,2339,239,239,24.9,2,1510,10,0,10
0.001368,15,30,932,3155,226,226,23.6,2,1515,10,0,10
0.001948,19,38,1271,4072,178,178,18.8,3,1520,10,0,10
0.000617,5,10,380,1281,176,176,18.6,3,1525,10,0,10
0.000553,3,6,383,1275,198,198,20.8,1,1530,10,0,10
0.000395,1,2,302,985,235,235,24.5,1,1535,10,0,10
0.000595,3,6,441,1468,255,255,26.5,3,1540,10,0,10
0.402322,3513,7026,258073,751687,240,240,25,8,1545,10,0,10
0.035119,443,886,22835,75865,223,223,23.3,7,1550,10,0,10
0.00039,1,2,234,782,173,173,18.3,1,1555,10,0,10
0.001059,10,20,692,2343,166,166,17.6,3,1560,10,0,10
0.000932,7,14,565,2019,207,207,21.7,3,1565,10,0,10
0.000372,1,2,242,804,173,173,18.3,1,1570,10,0,10
0.003789,31,62,2661,7702,261,261,27.1,2,1575,10,0,10
0.002492,32,64,1747,5685,232,232,24.2,3,1580,10,0,10
0.011957,125,250,7849,24688,210,210,22,5,1585,10,0,10
0.009953,134,268,6555,21668,184,184,19.4,4,1590,10,0,10
0.000874,7,14,631,1971,173,173,18.3,2,1595,10,0,10
0.001176,15,30,843,2795,166,166,17.6,2,1600,10,0,10
0.00025,1,2,160,522,125,125,13.5,1,1605,10,0,10
0.000231,0,0,167,540,157,157,16.7,0,1610,10,0,10
0.00032,0,0,219,723,208,208,21.8,0,1615,10,0,10
0.000294,0,0,214,707,204,204,21.4,0,1620,10,0,10
0.000276,1,2,193,629,154,154,16.4,1,1625,10,0,10
0.000292,1,2,190,626,161,161,17.1,1,1630,10,0,10
0.000304,0,0,220,725,210,210,22,0,1635,10,0,10
0.000329,0,0,197,656,187,187,19.7,0,1640,10,0,10
0.000292,0,0,183,605,173,173,18.3,0,1645,10,0,10
0.000265,0,0,211,678,201,201,21.1,0,1650,10,0,10
0.000381,0,0,274,878,264,264,27.4,0,1655,10,0,10
0.00037,0,0,224,715,214,214,22.4,0,1660,10,0,10
0.000423,1,2,269,875,216,216,22.6,1,1665,10,0,10
0.000389,1,2,271,884,216,216,22.6,1,1670,10,0,10
0.000307,1,2,225,731,180,180,19,1,1675,10,0,10
0.000246,0,0,182,584,172,172,18.2,0,1680,10,0,10
0.000233,0,0,181,570,171,171,18.1,0,1685,10,0,10
0.000297,0,0,225,732,215,215,22.5,0,1690,10,0,10
0.000374,1,2,293,926,203,203,21.3,1,1695,10,0,10
0.002068,24,48,1580,4994,273,273,28.3,2,1700,10,0,10
0.002631,27,54,1750,5811,225,225,23.5,3,1705,10,0,10
0.000776,7,14,544,1799,199,199,20.9,3,1710,10,0,10
0.000497,5,10,385,1236,183,183,19.3,2,1715,10,0,10
0.00077,9,18,548,1795,193,193,20.3,3,1720,10,0,10
0.001281,15,30,849,2857,211,211,22.1,2,1725,10,0,10
0.000472,3,6,332,1084,204,204,21.4,1,1730,10,0,10
0.000707,7,14,494,1627,194,194,20.4,1,1735,10,0,10
0.001478,15,30,939,3049,173,173,18.3,2,1740,10,0,10
0.0004,3,6,259,844,148,148,15.8,1,1745,10,0,10
0.000285,0,0,177,571,167,167,17.7,0,1750,10,0,10
0.000325,0,0,206,672,194,194,20.4,0,1755,10,0,10
0.000399,0,0,260,851,250,250,26,0,1760,10,0,10
0.000617,3,6,370,1291,202,202,21.2,2,1765,10,0,10
0.001329,15,30,904,3078,207,207,21.7,3,1770,10,0,10
0.000314,1,2,234,807,181,181,19.1,1,1775,10,0,10
0.000427,3,6,292,977,137,137,14.7,1,1780,10,0,10
0.006355,68,136,3964,12682,198,198,20.8,3,1785,10,0,10
0.001284,15,30,806,2720,180,180,19,4,1790,10,0,10
0.000259,0,0,166,535,156,156,16.6,0,1795,10,0,10
0.000199,0,0,142,451,132,132,14.2,0,1800,10,0,10
0.00319,35,70,2261,7105,209,209,21.9,2,1805,10,0,10
0.013025,127,254,8676,26167,206,206,21.6,3,1810,10,0,10
0.003332,31,62,2365,7174,186,186,19.6,2,1815,10,0,10
0.001273,15,30,889,2874,170,170,18,2,1820,10,0,10
0.000509,4,8,374,1208,173,173,18.3,2,1825,10,0,10
0.000531,3,6,361,1119,197,197,20.7,1,1830,10,0,10
0.000416,3,6,280,890,170,170,18,1,1835,10,0,10
0.00029,0,0,180,561,170,170,18,0,1840,10,0,10
0.000277,0,0,186,595,176,176,18.6,0,1845,10,0,10
0.000259,0,0,171,543,161,161,17.1,0,1850,10,0,10
0.000311,0,0,196,620,186,186,19.6,0,1855,10,0,10
0.000944,8,16,652,2018,198,198,20.8,1,1860,10,0,10
0.002505,31,62,1688,5284,165,165,17.5,2,1865,10,0,10
0.000228,1,2,149,467,115,115,12.5,1,1870,10,0,10
0.000237,0,0,153,483,143,143,15.3,0,1875,10,0,10
0.000281,0,0,207,653,197,197,20.7,0,1880,10,0,10
0.000248,0,0,179,586,169,169,17.9,0,1885,10,0,10
0.000372,3,6,250,811,171,171,18.1,1,1890,10,0,10
0.000475,3,6,321,1113,182,182,19.2,1,1895,10,0,10
0.000467,3,6,316,1012,168,168,17.8,1,1900,10,0,10
0.000383,3,6,234,801,130,130,14,1,1905,10,0,10
0.000293,0,0,189,604,179,179,18.9,0,1910,10,0,10
0.000488,3,6,355,1108,214,214,22.4,1,1915,10,0,10
0.002492,16,32,1082,3100,183,183,19.3,1,1920,10,0,10
0.000414,3,6,261,869,178,178,18.8,1,1925,10,0,10
0.000334,0,0,231,748,221,221,23.1,0,1930,10,0,10
0.000374,0,0,281,903,271,271,28.1,0,1935,10,0,10
0.000576,3,6,414,1368,262,262,27.2,1,1940,10,0,10
0.000615,3,6,388,1297,279,279,28.9,2,1945,10,0,10
0.000336,0,0,239,787,229,229,23.9,0,1950,10,0,10
0.00028,0,0,195,635,185,185,19.5,0,1955,10,0,10
0.000376,0,0,255,827,245,245,25.5,0,1960,10,0,10
0.000731,5,10,488,1526,196,196,20.6,1,1965,10,0,10
0.000662,5,10,424,1378,209,209,21.9,1,1970,10,0,10
0.000322,0,0,215,685,205,205,21.5,0,1975,10,0,10
0.000773,7,14,552,1627,201,201,21.1,2,1980,10,0,10
0.001337,15,30,839,2834,191,191,20.1,2,1985,10,0,10
0.000477,3,6,265,890,165,165,17.5,1,1990,10,0,10
0.001333,15,30,949,3045,186,186,19.6,2,1995,10,0,10
0.001197,15,30,822,2658,184,184,19.4,2,2000,10,0,10
0.000464,4,8,305,1021,166,166,17.6,2,2005,10,0,10
0.000369,2,4,238,795,176,176,18.6,2,2010,10,0,10
0.000443,2,4,265,888,166,166,17.6,2,2015,10,0,10
0.000797,7,14,562,1987,207,207,21.7,2,2020,10,0,10
0.000724,8,16,533,1850,209,209,21.9,4,2025,10,0,10
0.009889,108,216,7030,19951,164,164,17.4,5,2030,10,0,10
0.003651,55,110,2412,7719,125,125,13.5,3,2035,10,0,10
0.000348,0,0,240,784,230,230,24,0,2040,10,0,10
0.000353,0,0,215,696,205,205,21.5,0,2045,10,0,10
0.00032,0,0,223,716,213,213,22.3,0,2050,10,0,10
0.000295,0,0,222,718,212,212,22.2,0,2055,10,0,10
0.002683,31,62,1923,6210,209,209,21.9,3,2060,10,0,10
0.002088,31,62,1452,5029,216,216,22.6,3,2065,10,0,10
0.000509,3,6,335,1087,181,181,19.1,1,2070,10,0,10
0.002725,31,62,1738,5444,167,167,17.7,2,2075,10,0,10
0.000648,7,14,400,1303,172,172,18.2,1,2080,10,0,10
0.000326,0,0,175,566,165,165,17.5,0,2085,10,0,10
0.000365,1,2,258,841,209,209,21.9,1,2090,10,0,10
0.000335,0,0,262,841,252,252,26.2,0,2095,10,0,10
0.000859,6,12,583,1862,229,229,23.9,3,2100,10,0,10
0.000598,6,12,430,1378,191,191,20.1,3,2105,10,0,10
0.000256,0,0,196,616,186,186,19.6,0,2110,10,0,10
0.000248,0,0,179,564,169,169,17.9,0,2115,10,0,10
0.003003,31,62,2406,6953,170,170,18,2,2120,10,0,10
0.000727,7,14,478,1593,189,189,19.9,2,2125,10,0,10
0.000554,3,6,371,1233,180,180,19,1,2130,10,0,10
0.000333,0,0,209,700,199,199,20.9,0,2135,10,0,10
0.000442,3,6,294,987,191,191,20.1,1,2140,10,0,10
0.000428,3,6,297,968,185,185,19.5,1,2145,10,0,10
0.000331,0,0,195,619,183,183,19.3,0,2150,10,0,10
0.000348,0,0,238,763,226,226,23.6,0,2155,10,0,10
0.000577,3,6,418,1411,252,252,26.2,1,2160,10,0,10
0.000496,4,8,376,1235,202,202,21.2,3,2165,10,0,10
0.000338,1,2,242,785,182,182,19.2,1,2170,10,0,10
0.000267,0,0,174,550,164,164,17.4,0,2175,10,0,10
0.00025,0,0,183,576,173,173,18.3,0,2180,10,0,10
0.000402,1,2,312,968,229,229,23.9,1,2185,10,0,10
0.000344,0,0,233,745,223,223,23.3,0,2190,10,0,10
0.000281,0,0,206,668,196,196,20.6,0,2195,10,0,10
0.000323,0,0,217,702,207,207,21.7,0,2200,10,0,10
0.000306,1,2,231,733,178,178,18.8,1,2205,10,0,10
0.005204,63,126,3308,10854,180,180,19,3,2210,10,0,10
0.005136,63,126,3338,11453,232,232,24.2,4,2215,10,0,10
0.000488,3,6,351,1186,215,215,22.5,1,2220,10,0,10
0.001263,18,36,914,3107,233,233,24.3,3,2225,10,0,10
0.001025,11,22,718,2416,194,194,20.4,2,2230,10,0,10
0.000382,1,2,281,934,217,217,22.7,1,2235,10,0,10
0.000567,3,6,397,1321,230,230,24,1,2240,10,0,10
0.001398,15,30,971,3222,182,182,19.2,2,2245,10,0,10
0.000392,3,6,299,976,177,177,18.7,1,2250,10,0,10
0.000514,3,6,320,1048,169,169,17.9,1,2255,10,0,10
0.001143,15,30,834,2746,157,157,16.7,2,2260,10,0,10
0.002061,21,42,1577,5082,277,277,28.7,3,2265,10,0,10
0.005905,63,126,4351,12516,231,231,24.1,4,2270,10,0,10
0.002608,32,64,1646,5312,208,208,21.8,3,2275,10,0,10
0.000293,1,2,202,658,176,176,18.6,1,2280,10,0,10
0.000464,3,6,346,1110,204,204,21.4,1,2285,10,0,10
0.000864,8,16,591,1863,207,207,21.7,1,2290,10,0,10
0.000307,1,2,188,636,157,157,16.7,1,2295,10,0,10
0.000321,0,0,179,570,169,169,17.9,0,2300,10,0,10
0.000325,0,0,206,644,196,196,20.6,0,2305,10,0,10
0.001087,7,14,677,2011,218,218,22.8,2,2310,10,0,10
0.000719,7,14,466,1528,168,168,17.8,2,2315,10,0,10
0.000352,1,2,229,738,156,156,16.6,1,2320,10,0,10
0.000448,1,2,287,930,233,233,24.3,1,2325,10,0,10
0.000424,1,2,289,964,221,221,23.1,1,2330,10,0,10
0.000566,3,6,365,1228,215,215,22.5,1,2335,10,0,10
0.000397,3,6,281,916,174,174,18.4,1,2340,10,0,10
0.000407,1,2,233,751,177,177,18.7,1,2345,10,0,10
0.000987,9,18,598,2012,171,171,18.1,2,2350,10,0,10
0.00045,3,6,343,1086,155,155,16.5,1,2355,10,0,10
0.000437,3,6,339,1126,193,193,20.3,1,2360,10,0,10
0.000503,3,6,411,1313,227,227,23.7,1,2365,10,0,10
0.0013,15,30,941,3230,204,204,21.4,3,2370,10,0,10
0.001306,15,30,900,3120,174,174,18.4,2,2375,10,0,10
0.000403,3,6,310,1003,173,173,18.3,1,2380,10,0,10
0.000235,0,0,174,554,164,164,17.4,0,2385,10,0,10
0.000287,1,2,222,714,180,180,19,1,2390,10,0,10
0.001386,15,30,1082,3315,189,189,19.9,2,2395,10,0,10
0.001242,15,30,912,2854,160,160,17,2,2400,10,0,10
0.001037,15,30,751,2516,158,158,16.8,2,2405,10,0,10
0.000397,3,6,312,1009,202,202,21.2,1,2410,10,0,10
0.000324,0,0,229,725,219,219,22.9,0,2415,10,0,10
0.000267,0,0,192,596,182,182,19.2,0,2420,10,0,10
0.00041,0,0,307,972,297,297,30.7,0,2425,10,0,10
0.000424,1,2,288,947,247,247,25.7,1,2430,10,0,10
0.000796,6,12,545,1829,226,226,23.6,2,2435,10,0,10
0.001667,15,30,1212,3986,249,249,25.9,2,2440,10,0,10
0.00071,5,10,480,1599,199,199,20.9,3,2445,10,0,10
0.000343,1,2,238,771,182,182,19.2,1,2450,10,0,10
0.000334,0,0,220,715,210,210,22,0,2455,10,0,10
0.000531,3,6,358,1193,199,199,20.9,1,2460,10,0,10
0.000392,3,6,265,894,149,149,15.9,1,2465,10,0,10
0.001449,15,30,948,3178,169,169,17.9,2,2470,10,0,10
0.0011,15,30,779,2540,235,235,24.5,2,2475,10,0,10
0.002174,31,62,1572,5295,188,188,19.8,2,2480,10,0,10
0.000758,7,14,517,1715,198,198,20.8,1,2485,10,0,10
0.000327,0,0,236,776,225,225,23.5,0,2490,10,0,10
0.00046,2,4,326,1062,216,216,22.6,2,2495,10,0,10
0.000473,2,4,306,1023,212,212,22.2,2,2500,10,0,10
0.000315,0,0,223,716,211,211,22.1,0,2505,10,0,10
0.000274,0,0,205,643,195,195,20.5,0,2510,10,0,10
0.000262,0,0,178,559,168,168,17.8,0,2515,10,0,10
0.000725,3,6,524,1728,228,228,23.8,1,2520,10,0,10
0.000395,0,0,275,899,265,265,27.5,0,2525,10,0,10
0.000357,0,0,248,803,238,238,24.8,0,2530,10,0,10
0.000392,0,0,263,851,253,253,26.3,0,2535,10,0,10
0.000322,0,0,233,758,223,223,23.3,0,2540,10,0,10
0.000521,2,4,302,1021,202,202,21.2,2,2545,10,0,10
0.000798,9,18,532,1830,154,154,16.4,3,2550,10,0,10
0.000382,3,6,260,846,144,144,15.4,1,2555,10,0,10
0.000268,0,0,209,670,199,199,20.9,0,2560,10,0,10
0.000277,0,0,216,690,206,206,21.6,0,2565,10,0,10
0.000404,1,2,270,838,189,189,19.9,1,2570,10,0,10
0.000571,6,12,412,1283,164,164,17.4,3,2575,10,0,10
0.001519,18,36,991,3388,166,166,17.6,3,2580,10,0,10
0.000413,3,6,327,1057,196,196,20.6,1,2585,10,0,10
0.000486,3,6,372,1113,191,191,20.1,1,2590,10,0,10
0.000402,3,6,285,903,180,180,19,1,2595,10,0,10
0.000276,0,0,192,608,182,182,19.2,0,2600,10,0,10
0.000339,1,2,225,736,156,156,16.6,1,2605,10,0,10
0.000344,1,2,209,679,145,145,15.5,1,2610,10,0,10
0.000365,1,2,226,773,165,165,17.5,1,2615,10,0,10
0.000358,2,4,253,822,167,167,17.7,3,2620,10,0,10
0.001088,15,30,679,2256,146,146,15.6,4,2625,10,0,10
0.000737,7,14,500,1689,215,215,22.5,2,2630,10,0,10
0.000326,0,0,267,864,257,257,26.7,0,2635,10,0,10
0.000323,0,0,239,766,229,229,23.9,0,2640,10,0,10
0.000833,7,14,582,1773,217,217,22.7,2,2645,10,0,10
0.00043,3,6,298,977,192,192,20.2,1,2650,10,0,10
0.000297,0,0,219,716,209,209,21.9,0,2655,10,0,10
0.00068,6,12,535,1648,219,219,22.9,2,2660,10,0,10
0.00485,55,110,3246,10416,180,180,19,4,2665,10,0,10
0.001568,15,30,1047,3296,163,163,17.3,3,2670,10,0,10
0.001118,15,30,788,2603,203,203,21.3,4,2675,10,0,10
0.000744,7,14,557,1642,167,167,17.7,1,2680,10,0,10
0.000503,7,14,388,1196,156,156,16.6,1,2685,10,0,10
0.000364,1,2,285,911,221,221,23.1,1,2690,10,0,10
0.000504,1,2,281,931,227,227,23.7,1,2695,10,0,10
0.000365,0,0,265,858,255,255,26.5,0,2700,10,0,10
0.000599,3,6,375,1270,221,221,23.1,1,2705,10,0,10
0.000523,3,6,329,1137,187,187,19.7,2,2710,10,0,10
0.00029,0,0,187,620,177,177,18.7,0,2715,10,0,10
0.000392,1,2,264,868,215,215,22.5,1,2720,10,0,10
0.000387,1,2,282,930,226,226,23.6,1,2725,10,0,10
0.000304,0,0,204,659,194,194,20.4,0,2730,10,0,10
0.000284,0,0,200,637,190,190,20,0,2735,10,0,10
0.000537,4,8,379,1229,161,161,17.1,1,2740,10,0,10
0.000454,3,6,293,981,146,146,15.6,1,2745,10,0,10
0.000253,0,0,170,535,160,160,17,0,2750,10,0,10
0.000348,1,2,244,786,207,207,21.7,1,2755,10,0,10
0.000354,1,2,260,853,213,213,22.3,1,2760,10,0,10
0.00041,1,2,235,784,177,177,18.7,1,2765,10,0,10
0.000976,8,16,692,2307,238,238,24.8,3,2770,10,0,10
0.00052,3,6,386,1288,223,223,23.3,3,2775,10,0,10
0.000254,0,0,203,644,193,193,20.3,0,2780,10,0,10
0.00067,5,10,435,1544,182,182,19.2,3,2785,10,0,10
0.000541,5,10,378,1267,181,181,19.1,4,2790,10,0,10
0.000295,0,0,203,648,188,188,19.8,0,2795,10,0,10
0.000671,7,14,455,1501,158,158,16.8,1,2800,10,0,10
0.000415,3,6,308,1003,171,171,18.1,1,2805,10,0,10
0.000317,1,2,228,741,173,173,18.3,1,2810,10,0,10
0.000723,7,14,520,1636,167,167,17.7,2,2815,10,0,10
0.000403,3,6,306,985,164,164,17.4,1,2820,10,0,10
0.000232,0,0,182,569,172,172,18.2,0,2825,10,0,10
0.000265,0,0,210,658,199,199,20.9,0,2830,10,0,10
0.000266,0,0,203,637,193,193,20.3,0,2835,10,0,10
0.000434,3,6,305,993,145,145,15.5,1,2840,10,0,10
0.000342,3,6,245,790,126,126,13.6,1,2845,10,0,10
0.000193,0,0,150,466,140,140,15,0,2850,10,0,10
0.000245,0,0,185,609,175,175,18.5,0,2855,10,0,10
0.000277,0,0,219,720,209,209,21.9,0,2860,10,0,10
0.004483,63,126,3245,10885,201,201,21.1,3,2865,10,0,10
0.001019,15,30,714,2602,194,194,20.4,2,2870,10,0,10
0.000426,3,6,291,958,146,146,15.6,1,2875,10,0,10
0.001131,15,30,762,2584,212,212,22.2,2,2880,10,0,10
0.000438,4,8,309,1039,171,171,18.1,2,2885,10,0,10
0.000353,1,2,259,847,211,211,22.1,1,2890,10,0,10
0.000336,0,0,267,856,257,257,26.7,0,2895,10,0,10
0.000529,3,6,361,1214,209,209,21.9,1,2900,10,0,10
0.001466,15,30,916,3044,161,161,17.1,2,2905,10,0,10
0.000462,3,6,322,1094,179,179,18.9,1,2910,10,0,10
0.000341,1,2,240,794,193,193,20.3,1,2915,10,0,10
0.000707,7,14,493,1600,183,183,19.3,2,2920,10,0,10
0.000465,3,6,336,1105,220,220,23,2,2925,10,0,10
0.000277,0,0,180,590,170,170,18,0,2930,10,0,10
0.000317,1,2,201,659,144,144,15.4,1,2935,10,0,10
0.000345,1,2,255,847,208,208,21.8,1,2940,10,0,10
0.000498,2,4,363,1151,200,200,21,1,2945,10,0,10
0.000681,4,8,403,1356,203,203,21.3,3,2950,10,0,10
0.000289,0,0,208,706,194,194,20.4,0,2955,10,0,10
0.000364,1,2,264,851,202,202,21.2,1,2960,10,0,10
0.000783,7,14,643,1927,177,177,18.7,1,2965,10,0,10
0.005704,63,126,4359,13056,180,180,19,2,2970,10,0,10
0.000777,7,14,600,1926,183,183,19.3,1,2975,10,0,10
0.000235,0,0,169,562,159,159,16.9,0,2980,10,0,10
0.000219,0,0,159,502,149,149,15.9,0,2985,10,0,10
0.000215,0,0,155,485,144,144,15.4,0,2990,10,0,10
0.000197,0,0,142,437,131,131,14.1,0,2995,10,0,10
0.000375,1,2,321,1051,250,250,26,1,3000,10,0,10
0.000829,6,12,633,2150,271,271,28.1,2,3005,10,0,10
0.00058,3,6,442,1498,261,261,27.1,1,3010,10,0,10
0.001581,15,30,1109,3801,215,215,22.5,3,3015,10,0,10
0.001395,15,30,924,3186,194,194,20.4,4,3020,10,0,10
0.000219,0,0,169,545,159,159,16.9,0,3025,10,0,10
0.000241,0,0,191,607,181,181,19.1,0,3030,10,0,10
0.000254,0,0,214,689,204,204,21.4,0,3035,10,0,10
0.001359,15,30,1075,3630,205,205,21.5,2,3040,10,0,10
0.001222,15,30,917,3150,181,181,19.1,3,3045,10,0,10
0.000508,3,6,368,1244,200,200,21,1,3050,10,0,10
0.000437,3,6,361,1218,227,227,23.7,1,3055,10,0,10
0.000285,0,0,187,599,177,177,18.7,0,3060,10,0,10
0.00038,3,6,227,736,151,151,16.1,1,3065,10,0,10
0.001056,15,30,796,2571,172,172,18.2,2,3070,10,0,10
0.000422,3,6,351,1128,249,249,25.9,1,3075,10,0,10
0.000381,0,0,257,832,246,246,25.6,0,3080,10,0,10
0.000335,0,0,232,754,222,222,23.2,0,3085,10,0,10
0.000357,1,2,269,863,195,195,20.5,1,3090,10,0,10
0.000359,1,2,252,810,182,182,19.2,1,3095,10,0,10
0.000288,1,2,223,713,167,167,17.7,1,3100,10,0,10
0.000198,0,0,164,512,154,154,16.4,0,3105,10,0,10
0.000653,3,6,455,1472,262,262,27.2,2,3110,10,0,10
0.000922,7,14,607,2049,239,239,24.9,3,3115,10,0,10
0.000451,2,4,295,968,189,189,19.9,2,3120,10,0,10
0.000487,3,6,366,1246,201,201,21.1,1,3125,10,0,10
0.000422,3,6,341,1107,206,206,21.6,1,3130,10,0,10
0.000517,5,10,436,1371,189,189,19.9,2,3135,10,0,10
0.000473,5,10,342,1112,155,155,16.5,2,3140,10,0,10
0.000486,3,6,325,1087,174,174,18.4,1,3145,10,0,10
0.000279,0,0,223,722,213,213,22.3,0,3150,10,0,10
0.000332,0,0,271,881,261,261,27.1,0,3155,10,0,10
0.001356,15,30,1053,3435,266,266,27.6,3,3160,10,0,10
0.002854,35,70,2001,6765,246,246,25.6,6,3165,10,0,10
0.000365,1,2,251,853,196,196,20.6,1,3170,10,0,10
0.00027,0,0,192,643,182,182,19.2,0,3175,10,0,10
0.000331,0,0,218,711,208,208,21.8,0,3180,10,0,10
0.000438,1,2,315,1015,217,217,22.7,1,3185,10,0,10
0.002516,31,62,1778,6018,220,220,23,4,3190,10,0,10
0.001229,15,30,907,3013,237,237,24.7,2,3195,10,0,10
0.000274,0,0,218,726,208,208,21.8,0,3200,10,0,10
0.00165,15,30,986,3241,195,195,20.5,2,3205,10,0,10
0.004481,55,110,2501,8742,172,172,18.2,4,3210,10,0,10
0.00027,0,0,198,642,188,188,19.8,0,3215,10,0,10
0.000337,0,0,260,834,250,250,26,0,3220,10,0,10
0.000389,0,0,298,958,288,288,29.8,0,3225,10,0,10
0.00033,0,0,248,804,238,238,24.8,0,3230,10,0,10
0.000294,0,0,219,727,209,209,21.9,0,3235,10,0,10
0.000284,0,0,208,692,198,198,20.8,0,3240,10,0,10
0.000407,1,2,295,961,219,219,22.9,1,3245,10,0,10
0.000262,0,0,185,603,174,174,18.4,0,3250,10,0,10
0.000324,0,0,254,803,244,244,25.4,0,3255,10,0,10
0.000561,3,6,459,1463,254,254,26.4,2,3260,10,0,10
0.000832,7,14,638,2110,220,220,23,2,3265,10,0,10
0.000482,4,8,380,1257,186,186,19.6,2,3270,10,0,10
0.000309,1,2,210,686,166,166,17.6,1,3275,10,0,10
0.000225,0,0,162,508,152,152,16.2,0,3280,10,0,10
0.000369,0,0,252,796,242,242,25.2,0,3285,10,0,10
0.000323,0,0,234,754,224,224,23.4,0,3290,10,0,10
0.000303,0,0,237,758,227,227,23.7,0,3295,10,0,10
0.000287,0,0,205,658,191,191,20.1,0,3300,10,0,10
0.000942,7,14,672,2196,218,218,22.8,2,3305,10,0,10
0.000666,7,14,498,1629,183,183,19.3,2,3310,10,0,10
0.000258,0,0,194,627,184,184,19.4,0,3315,10,0,10
0.000275,0,0,162,512,152,152,16.2,0,3320,10,0,10
0.000288,1,2,189,606,146,146,15.6,1,3325,10,0,10
0.000279,0,0,214,690,204,204,21.4,0,3330,10,0,10
0.00026,0,0,178,563,168,168,17.8,0,3335,10,0,10
0.000262,0,0,191,603,181,181,19.1,0,3340,10,0,10
0.000266,0,0,206,649,196,196,20.6,0,3345,10,0,10
0.000242,0,0,201,650,191,191,20.1,0,3350,10,0,10
0.000259,0,0,175,571,165,165,17.5,0,3355,10,0,10
0.000287,0,0,218,700,208,208,21.8,0,3360,10,0,10
0.000281,0,0,231,733,221,221,23.1,0,3365,10,0,10
0.000308,0,0,265,851,255,255,26.5,0,3370,10,0,10
0.0003,0,0,256,828,246,246,25.6,0,3375,10,0,10
0.000418,1,2,322,1063,256,256,26.6,1,3380,10,0,10
0.000463,3,6,345,1143,206,206,21.6,3,3385,10,0,10
0.000373,2,4,275,906,185,185,19.5,2,3390,10,0,10
0.00062,5,10,470,1529,184,184,19.4,3,3395,10,0,10
0.000313,0,0,239,770,229,229,23.9,0,3400,10,0,10
0.000331,0,0,230,740,220,220,23,0,3405,10,0,10
0.000393,2,4,300,966,193,193,20.3,2,3410,10,0,10
0.000364,2,4,258,843,183,183,19.3,2,3415,10,0,10
0.000224,0,0,184,582,174,174,18.4,0,3420,10,0,10
0.00021,0,0,166,521,156,156,16.6,0,3425,10,0,10
0.000306,0,0,226,726,216,216,22.6,0,3430,10,0,10
0.000286,0,0,225,736,215,215,22.5,0,3435,10,0,10
0.000265,0,0,211,683,201,201,21.1,0,3440,10,0,10
0.000284,0,0,228,752,218,218,22.8,0,3445,10,0,10
0.000243,0,0,178,607,168,168,17.8,0,3450,10,0,10
0.000456,3,6,298,1022,141,141,15.1,1,3455,10,0,10
0.000453,4,8,352,1152,189,189,19.9,2,3460,10,0,10
0.000287,1,2,227,722,179,179,18.9,1,3465,10,0,10
0.000503,3,6,344,1077,176,176,18.6,1,3470,10,0,10
0.002596,32,64,1765,6013,234,234,24.4,4,3475,10,0,10
0.000783,8,16,598,2067,202,202,21.2,3,3480,10,0,10
0.000287,1,2,228,748,196,196,20.6,1,3485,10,0,10
0.000403,2,4,318,1037,205,205,21.5,2,3490,10,0,10
0.000331,1,2,250,815,186,186,19.6,1,3495,10,0,10
0.000237,0,0,187,605,177,177,18.7,0,3500,10,0,10
0.00027,1,2,204,662,164,164,17.4,1,3505,10,0,10
0.0003,1,2,229,725,199,199,20.9,1,3510,10,0,10
0.000476,3,6,385,1185,213,213,22.3,1,3515,10,0,10
0.001442,15,30,1057,3190,210,210,22,2,3520,10,0,10
0.001246,15,30,909,2953,206,206,21.6,2,3525,10,0,10
0.000374,3,6,288,933,191,191,20.1,1,3530,10,0,10
0.000192,0,0,151,486,141,141,15.1,0,3535,10,0,10
0.000323,0,0,264,876,254,254,26.4,0,3540,10,0,10
0.000706,7,14,537,1851,219,219,22.9,2,3545,10,0,10
0.001076,15,30,790,2795,183,183,19.3,2,3550,10,0,10
0.000269,1,2,214,694,167,167,17.7,1,3555,10,0,10
0.000269,0,0,214,690,203,203,21.3,0,3560,10,0,10
0.000303,0,0,218,718,208,208,21.8,0,3565,10,0,10
0.000518,3,6,391,1277,199,199,20.9,1,3570,10,0,10
0.00045,3,6,332,1090,166,166,17.6,1,3575,10,0,10
0.000297,1,2,221,702,164,164,17.4,1,3580,10,0,10
0.00106,11,22,755,2396,189,189,19.9,2,3585,10,0,10
0.000832,7,14,584,1904,229,229,23.9,1,3590,10,0,10
0.000455,3,6,335,1102,181,181,19.1,1,3595,10,0,10
0.000454,3,6,335,1127,217,217,22.7,1,3600,10,0,10
0.000432,3,6,295,1030,169,169,17.9,1,3605,10,0,10
0.00111,16,32,725,2536,132,132,14.2,3,3610,10,0,10
0.000436,4,8,301,986,174,174,18.4,2,3615,10,0,10
0.000236,0,0,185,604,175,175,18.5,0,3620,10,0,10
0.000254,0,0,195,619,185,185,19.5,0,3625,10,0,10
0.000351,0,0,191,612,181,181,19.1,0,3630,10,0,10
0.000359,3,6,245,808,152,152,16.2,1,3635,10,0,10
0.000419,3,6,247,836,174,174,18.4,1,3640,10,0,10
0.001517,15,30,1054,3149,216,216,22.6,3,3645,10,0,10
0.001869,32,64,1142,3854,167,167,17.7,3,3650,10,0,10
0.0004,1,2,255,855,196,196,20.6,1,3655,10,0,10
0.000725,7,14,498,1653,149,149,15.9,2,3660,10,0,10
0.00265,31,62,1986,6513,213,213,22.3,2,3665,10,0,10
0.002418,31,62,1707,5225,167,167,17.7,3,3670,10,0,10
0.001223,15,30,728,2582,145,145,15.5,2,3675,10,0,10
0.000236,0,0,163,507,150,150,16,0,3680,10,0,10
0.000257,0,0,169,540,159,159,16.9,0,3685,10,0,10
0.000329,0,0,235,758,225,225,23.5,0,3690,10,0,10
0.000462,3,6,320,1006,177,177,18.7,1,3695,10,0,10
0.000898,9,18,651,2101,218,218,22.8,2,3700,10,0,10
0.000858,7,14,621,2071,213,213,22.3,2,3705,10,0,10
0.001759,21,42,1161,3970,188,188,19.8,3,3710,10,0,10
0.000501,4,8,347,1152,200,200,21,2,3715,10,0,10
0.000293,1,2,205,654,150,150,16,1,3720,10,0,10
0.000307,0,0,225,715,211,211,22.1,0,3725,10,0,10
0.002176,23,46,1706,5484,216,216,22.6,3,3730,10,0,10
0.001468,16,32,897,3116,184,184,19.4,4,3735,10,0,10
0.000345,1,2,233,752,185,185,19.5,1,3740,10,0,10
0.000255,0,0,172,537,161,161,17.1,0,3745,10,0,10
0.000266,0,0,166,527,155,155,16.5,0,3750,10,0,10
0.000266,0,0,172,553,157,157,16.7,0,3755,10,0,10
0.000306,0,0,221,709,211,211,22.1,0,3760,10,0,10
0.000251,0,0,171,543,161,161,17.1,0,3765,10,0,10
0.000346,0,0,226,742,214,214,22.4,0,3770,10,0,10
0.00036,1,2,260,859,202,202,21.2,1,3775,10,0,10
0.000363,1,2,231,778,183,183,19.3,1,3780,10,0,10
0.000331,1,2,204,674,164,164,17.4,1,3785,10,0,10
0.000513,4,8,338,1122,149,149,15.9,1,3790,10,0,10
0.000204,0,0,164,536,154,154,16.4,0,3795,10,0,10
0.000353,0,0,225,732,215,215,22.5,0,3800,10,0,10
0.000331,1,2,245,800,209,209,21.9,1,3805,10,0,10
0.008262,72,144,5192,15684,212,212,22.2,5,3810,10,0,10
0.032768,347,694,19674,65950,216,216,22.6,5,3815,10,0,10
0.000695,7,14,510,1714,217,217,22.7,2,3820,10,0,10
0.000252,0,0,177,566,167,167,17.7,0,3825,10,0,10
0.000357,1,2,239,774,203,203,21.3,1,3830,10,0,10
0.000581,3,6,385,1273,226,226,23.6,3,3835,10,0,10
0.001821,15,30,1114,3556,221,221,23.1,4,3840,10,0,10
0.002277,21,42,1404,4504,192,192,20.2,4,3845,10,0,10
0.000488,3,6,319,1026,186,186,19.6,1,3850,10,0,10
0.000356,1,2,219,703,164,164,17.4,1,3855,10,0,10
0.001836,21,42,1397,4175,186,186,19.6,3,3860,10,0,10
0.004004,43,86,2486,8150,151,151,16.1,4,3865,10,0,10
0.000848,6,12,482,1615,175,175,18.5,2,3870,10,0,10
0.000277,0,0,213,701,203,203,21.3,0,3875,10,0,10
0.000292,0,0,219,701,209,209,21.9,0,3880,10,0,10
0.000351,1,2,272,901,208,208,21.8,1,3885,10,0,10
0.000354,1,2,274,884,210,210,22,1,3890,10,0,10
0.00037,1,2,262,857,194,194,20.4,1,3895,10,0,10
0.001044,9,18,816,2619,228,228,23.8,2,3900,10,0,10
0.001344,15,30,957,3343,222,222,23.2,3,3905,10,0,10
0.000597,4,8,401,1325,240,240,25,3,3910,10,0,10
0.000438,2,4,332,1139,222,222,23.2,3,3915,10,0,10
0.000334,1,2,252,835,196,196,20.6,1,3920,10,0,10
0.000312,1,2,230,741,178,178,18.8,1,3925,10,0,10
0.000389,1,2,223,731,181,181,19.1,1,3930,10,0,10
0.000287,1,2,197,640,143,143,15.3,1,3935,10,0,10
0.00036,2,4,233,745,126,126,13.6,2,3940,10,0,10
0.000325,1,2,224,721,181,181,19.1,1,3945,10,0,10
0.000316,0,0,226,723,216,216,22.6,0,3950,10,0,10
0.000271,0,0,208,671,198,198,20.8,0,3955,10,0,10
0.00038,1,2,276,932,221,221,23.1,1,3960,10,0,10
0.001545,15,30,906,2987,184,184,19.4,2,3965,10,0,10
0.000579,4,8,397,1288,167,167,17.7,2,3970,10,0,10
0.000392,1,2,222,714,163,163,17.3,1,3975,10,0,10
0.000207,0,0,136,421,126,126,13.6,0,3980,10,0,10
0.000298,0,0,178,577,168,168,17.8,0,3985,10,0,10
0.000369,0,0,245,799,235,235,24.5,0,3990,10,0,10
0.000924,7,14,646,1947,222,222,23.2,1,3995,10,0,10
0.002638,31,62,1817,5689,193,193,20.3,2,4000,10,0,10
0.001483,15,30,1030,3266,232,232,24.2,2,4005,10,0,10
0.001584,15,30,1064,3306,199,199,20.9,2,4010,10,0,10
0.00037,3,6,244,789,168,168,17.8,1,4015,10,0,10
0.000375,1,2,269,892,204,204,21.4,1,4020,10,0,10
0.007153,60,120,4808,14416,219,219,22.9,4,4025,10,0,10
0.090126,856,1711,60727,181652,175,175,18.5,7,4030,10,0,10
0.02957,328,656,19482,60385,159,159,16.9,4,4035,10,0,10
0.000333,1,2,173,569,141,141,15.1,1,4040,10,0,10
0.004835,32,64,2773,8347,155,155,16.5,3,4045,10,0,10
0.01617,152,304,9359,31068,184,184,19.4,4,4050,10,0,10
0.000373,1,2,257,853,214,214,22.4,2,4055,10,0,10
0.000321,1,2,223,740,176,176,18.6,1,4060,10,0,10
0.000474,3,6,362,1160,218,218,22.8,1,4065,10,0,10
0.000546,4,8,371,1221,205,205,21.5,2,4070,10,0,10
0.000284,1,2,225,735,172,172,18.2,1,4075,10,0,10
0.00021,0,0,166,530,156,156,16.6,0,4080,10,0,10
0.000356,1,2,265,872,183,183,19.3,2,4085,10,0,10
0.000386,1,2,314,1039,249,249,25.9,2,4090,10,0,10
0.000325,0,0,261,886,251,251,26.1,0,4095,10,0,10
0.000388,1,2,310,1038,227,227,23.7,1,4100,10,0,10
0.000693,6,12,464,1654,179,179,18.9,2,4105,10,0,10
0.000395,3,6,283,947,182,182,19.2,1,4110,10,0,10
0.000281,0,0,200,648,190,190,20,0,4115,10,0,10
0.000253,0,0,172,561,162,162,17.2,0,4120,10,0,10
0.000592,4,8,382,1264,205,205,21.5,2,4125,10,0,10
0.000627,3,6,481,1590,264,264,27.4,1,4130,10,0,10
0.000796,6,12,543,1885,242,242,25.2,2,4135,10,0,10
0.000743,6,12,473,1644,192,192,20.2,2,4140,10,0,10
0.00129,13,26,885,2912,214,214,22.4,2,4145,10,0,10
0.03539,414,828,24351,74965,214,214,22.4,5,4150,10,0,10
0.002378,36,72,1611,5374,164,164,17.4,3,4155,10,0,10
0.000538,3,6,386,1286,170,170,18,1,4160,10,0,10
0.000564,4,8,408,1360,190,190,20,2,4165,10,0,10
0.000794,6,12,563,1881,234,234,24.4,2,4170,10,0,10
0.002014,21,42,1397,4822,233,233,24.3,2,4175,10,0,10
0.005992,83,166,3669,12759,187,187,19.7,4,4180,10,0,10
0.010437,127,254,6854,22709,190,190,20,5,4185,10,0,10
0.00069,7,14,504,1669,185,185,19.5,2,4190,10,0,10
0.000793,7,14,507,1729,207,207,21.7,2,4195,10,0,10
0.000387,1,2,267,931,215,215,22.5,1,4200,10,0,10
0.000999,7,14,607,2066,196,196,20.6,3,4205,10,0,10
0.029297,277,554,16100,51082,187,187,19.7,4,4210,10,0,10
0.00143,15,30,842,3016,194,194,20.4,3,4215,10,0,10
0.000441,3,6,264,881,158,158,16.8,2,4220,10,0,10
0.00025,0,0,152,492,142,142,15.2,0,4225,10,0,10
0.000329,1,2,212,703,185,185,19.5,1,4230,10,0,10
0.000971,7,14,716,2435,270,270,28,2,4235,10,0,10
0.000723,5,10,503,1729,234,234,24.4,4,4240,10,0,10
0.000658,5,10,445,1543,210,210,22,4,4245,10,0,10
0.000385,1,2,289,940,230,230,24,1,4250,10,0,10
0.000379,1,2,219,726,180,180,19,1,4255,10,0,10
0.00036,1,2,211,713,162,162,17.2,1,4260,10,0,10
0.001108,13,26,707,2280,198,198,20.8,3,4265,10,0,10
0.001532,16,32,914,2939,186,186,19.6,2,4270,10,0,10
0.000369,1,2,261,828,195,195,20.5,1,4275,10,0,10
0.001255,11,22,788,2344,147,147,15.7,2,4280,10,0,10
0.003672,39,78,2637,8277,197,197,20.7,2,4285,10,0,10
0.000948,7,14,635,1988,216,216,22.6,1,4290,10,0,10
0.000358,1,2,228,745,175,175,18.5,1,4295,10,0,10
0.000397,1,2,265,858,201,201,21.1,1,4300,10,0,10
0.000808,7,14,527,1792,202,202,21.2,2,4305,10,0,10
0.000692,7,14,416,1468,152,152,16.2,3,4310,10,0,10
0.000223,0,0,125,410,115,115,12.5,0,4315,10,0,10
0.000304,0,0,190,628,180,180,19,0,4320,10,0,10
0.00039,0,0,226,752,216,216,22.6,0,4325,10,0,10
0.000694,3,6,444,1474,262,262,27.2,1,4330,10,0,10
0.000592,3,6,410,1367,258,258,26.8,1,4335,10,0,10
0.000323,0,0,218,697,208,208,21.8,0,4340,10,0,10
0.000305,0,0,206,671,196,196,20.6,0,4345,10,0,10
0.000255,0,0,168,535,158,158,16.8,0,4350,10,0,10
0.000341,0,0,257,835,247,247,25.7,0,4355,10,0,10
0.002893,28,56,1782,5498,230,230,24,4,4360,10,0,10
0.008757,111,222,5631,16944,202,202,21.2,5,4365,10,0,10
0.000391,3,6,311,1011,172,172,18.2,3,4370,10,0,10
0.000869,3,6,368,1233,181,181,19.1,1,4375,10,0,10
0.001687,15,30,999,3214,176,176,18.6,2,4380,10,0,10
0.000428,3,6,301,984,176,176,18.6,1,4385,10,0,10
0.000199,0,0,150,469,140,140,15,0,4390,10,0,10
0.000447,3,6,326,1090,198,198,20.8,1,4395,10,0,10
0.000611,7,14,450,1432,177,177,18.7,2,4400,10,0,10
0.001806,21,42,1188,4023,171,171,18.1,3,4405,10,0,10
0.000449,3,6,285,957,168,168,17.8,2,4410,10,0,10
0.000622,5,10,400,1343,153,153,16.3,2,4415,10,0,10
0.000581,5,10,327,1130,145,145,15.5,2,4420,10,0,10
0.000307,1,2,190,655,151,151,16.1,1,4425,10,0,10
0.001661,17,34,925,3321,160,160,17,4,4430,10,0,10
0.000917,11,22,521,1866,181,181,19.1,3,4435,10,0,10
0.000312,0,0,216,736,206,206,21.6,0,4440,10,0,10
0.0003,0,0,200,675,190,190,20,0,4445,10,0,10
0.000445,3,6,296,965,178,178,18.8,1,4450,10,0,10
0.000552,7,14,349,1121,142,142,15.2,2,4455,10,0,10
0.002587,31,62,1734,5543,189,189,19.9,4,4460,10,0,10
0.000464,3,6,336,1111,229,229,23.9,2,4465,10,0,10
0.000437,1,2,301,975,242,242,25.2,1,4470,10,0,10
0.000302,0,0,203,661,192,192,20.2,0,4475,10,0,10
0.000321,0,0,213,695,203,203,21.3,0,4480,10,0,10
0.000404,1,2,253,822,179,179,18.9,1,4485,10,0,10
0.000408,1,2,258,840,194,194,20.4,1,4490,10,0,10
0.000279,0,0,186,600,176,176,18.6,0,4495,10,0,10
0.000516,4,8,328,1063,140,140,15,2,4500,10,0,10
0.000462,4,8,261,880,130,130,14,2,4505,10,0,10
0.000539,3,6,361,1179,213,213,22.3,1,4510,10,0,10
0.002519,31,62,1698,5138,197,197,20.7,3,4515,10,0,10
0.007732,80,160,4628,15202,224,224,23.4,8,4520,10,0,10
0.01201,123,246,6680,22736,177,177,18.7,6,4525,10,0,10
0.000622,4,8,377,1275,196,196,20.6,3,4530,10,0,10
0.000308,0,0,206,665,196,196,20.6,0,4535,10,0,10
0.002936,30,60,1978,5897,189,189,19.9,4,4540,10,0,10
0.001928,27,54,1131,3891,197,197,20.7,4,4545,10,0,10
0.009208,101,202,7000,19796,220,220,23,5,4550,10,0,10
0.37988,4097,8194,256130,746167,194,194,20.4,6,4555,10,0,10
0.009198,127,254,5872,19833,163,163,17.3,4,4560,10,0,10
0.000483,3,6,204,687,127,127,13.7,1,4565,10,0,10
0.00028,0,0,176,564,166,166,17.6,0,4570,10,0,10
0.001129,15,30,753,2377,200,200,21,2,4575,10,0,10
0.00076,7,14,546,1792,200,200,21,2,4580,10,0,10
0.001628,19,38,1144,3571,203,203,21.3,4,4585,10,0,10
0.009321,111,222,6287,20760,202,202,21.2,5,4590,10,0,10
0.000746,8,16,558,1898,190,190,20,3,4595,10,0,10
0.000582,6,12,361,1237,142,142,15.2,2,4600,10,0,10
0.000297,1,2,178,573,138,138,14.8,1,4605,10,0,10
0.000313,0,0,184,585,174,174,18.4,0,4610,10,0,10
0.00034,0,0,211,687,201,201,21.1,0,4615,10,0,10
0.000314,0,0,188,612,178,178,18.8,0,4620,10,0,10
0.000423,2,4,322,1006,206,206,21.6,2,4625,10,0,10
0.000804,7,14,578,1762,218,218,22.8,1,4630,10,0,10
0.00033,1,2,204,680,168,168,17.8,1,4635,10,0,10
0.000859,8,16,545,1824,158,158,16.8,2,4640,10,0,10
0.000434,2,4,243,790,173,173,18.3,3,4645,10,0,10
0.000314,0,0,165,516,155,155,16.5,0,4650,10,0,10
0.000384,1,2,272,863,213,213,22.3,1,4655,10,0,10
0.000383,2,4,274,870,185,185,19.5,2,4660,10,0,10
0.000456,3,6,293,967,177,177,18.7,2,4665,10,0,10
0.0004,3,6,249,836,160,160,17,1,4670,10,0,10
0.000242,0,0,136,422,126,126,13.6,0,4675,10,0,10
0.000298,0,0,184,592,174,174,18.4,0,4680,10,0,10
0.00031,0,0,200,652,190,190,20,0,4685,10,0,10
0.00029,0,0,182,586,172,172,18.2,0,4690,10,0,10
0.000317,0,0,196,633,186,186,19.6,0,4695,10,0,10
0.000361,0,0,210,665,200,200,21,0,4700,10,0,10
0.000311,0,0,179,568,169,169,17.9,0,4705,10,0,10
0.000268,0,0,192,612,182,182,19.2,0,4710,10,0,10
0.000918,7,14,684,2047,200,200,21,1,4715,10,0,10
0.000674,7,14,460,1521,155,155,16.5,1,4720,10,0,10
0.000484,2,4,345,1118,221,221,23.1,3,4725,10,0,10
0.000685,4,8,478,1604,224,224,23.4,2,4730,10,0,10
0.009762,121,242,7396,23494,224,224,23.4,4,4735,10,0,10
0.001927,31,62,1369,4698,186,186,19.6,3,4740,10,0,10
0.000357,1,2,258,818,218,218,22.8,1,4745,10,0,10
0.000616,3,6,407,1272,219,219,22.9,1,4750,10,0,10
0.000838,9,18,583,1899,192,192,20.2,3,4755,10,0,10
0.000409,2,4,269,895,195,195,20.5,2,4760,10,0,10
0.00032,1,2,194,649,153,153,16.3,1,4765,10,0,10
0.000355,1,2,198,642,151,151,16.1,1,4770,10,0,10
0.000462,3,6,289,983,158,158,16.8,2,4775,10,0,10
0.000416,3,6,249,817,147,147,15.7,3,4780,10,0,10
0.000326,0,0,194,659,179,179,18.9,0,4785,10,0,10
0.000698,5,10,523,1656,211,211,22.1,3,4790,10,0,10
0.002325,24,48,1586,5221,218,218,22.8,3,4795,10,0,10
0.000301,0,0,212,713,202,202,21.2,0,4800,10,0,10
0.000319,0,0,218,735,208,208,21.8,0,4805,10,0,10
0.000347,0,0,214,727,204,204,21.4,0,4810,10,0,10
0.001639,17,34,1063,3724,216,216,22.6,3,4815,10,0,10
0.001543,16,32,917,3226,196,196,20.6,4,4820,10,0,10
0.000414,3,6,273,896,169,169,17.9,2,4825,10,0,10
0.000227,0,0,149,473,139,139,14.9,0,4830,10,0,10
0.000503,3,6,357,1145,216,216,22.6,2,4835,10,0,10
0.000436,3,6,263,862,166,166,17.6,2,4840,10,0,10
0.000335,1,2,221,700,156,156,16.6,1,4845,10,0,10
0.000306,0,0,189,609,178,178,18.8,0,4850,10,0,10
0.000794,7,14,617,1964,235,235,24.5,1,4855,10,0,10
0.000922,8,16,613,2017,228,228,23.8,2,4860,10,0,10
0.000767,6,12,514,1767,202,202,21.2,2,4865,10,0,10
0.000511,3,6,334,1147,179,179,18.9,2,4870,10,0,10
0.000246,0,0,170,534,160,160,17,0,4875,10,0,10
0.000276,1,2,191,598,153,153,16.3,1,4880,10,0,10
0.000331,1,2,233,749,193,193,20.3,1,4885,10,0,10
0.000331,0,0,198,622,188,188,19.8,0,4890,10,0,10
0.000403,1,2,277,899,201,201,21.1,1,4895,10,0,10
0.000543,2,4,362,1187,247,247,25.7,2,4900,10,0,10
0.000431,1,2,269,873,228,228,23.8,1,4905,10,0,10
0.000783,5,10,522,1795,253,253,26.3,3,4910,10,0,10
0.000703,5,10,483,1622,230,230,24,3,4915,10,0,10
0.000282,0,0,190,599,180,180,19,0,4920,10,0,10
0.00027,0,0,178,559,168,168,17.8,0,4925,10,0,10
0.000257,0,0,165,519,155,155,16.5,0,4930,10,0,10
0.000412,0,0,238,755,228,228,23.8,0,4935,10,0,10
0.000411,0,0,259,836,247,247,25.7,0,4940,10,0,10
0.000354,0,0,255,829,244,244,25.4,0,4945,10,0,10
0.000544,3,6,365,1179,240,240,25,1,4950,10,0,10
0.000464,3,6,310,1016,215,215,22.5,1,4955,10,0,10
0.000421,0,0,270,888,260,260,27,0,4960,10,0,10
0.000396,1,2,264,868,210,210,22,1,4965,10,0,10
0.000689,6,12,449,1489,162,162,17.2,2,4970,10,0,10
0.000404,3,6,270,879,154,154,16.4,1,4975,10,0,10
0.000395,1,2,267,868,202,202,21.2,1,4980,10,0,10
0.000403,1,2,247,785,206,206,21.6,1,4985,10,0,10
0.000432,1,2,274,903,209,209,21.9,1,4990,10,0,10
0.000301,0,0,241,784,231,231,24.1,0,4995,10,0,10
